{"type": "FeatureCollection", "features": [{"type": "Feature", "properties": {"name": "Staten Island"}, "geometry": {"type": "MultiPolygon", "coordinates": [[[[-74.050508, 40.566422], [-74.049984, 40.566396], [-74.049316, 40.565888], [-74.049236, 40.565363], [-74.050026, 40.565318], [-74.050906, 40.566094], [-74.050679, 40.566311], [-74.051072, 40.566722], [-74.050508, 40.566422]]], [[[-74.05314, 40.577703], [-74.05406, 40.577116], [-74.054898, 40.577782], [-74.054693, 40.579692], [-74.054851, 40.579708], [-74.054846, 40.579946], [-74.053686, 40.580549], [-74.052932, 40.579902], [-74.05314, 40.577703]]], [[[-74.159456, 40.641448], [-74.159979, 40.641446], [-74.161112, 40.641835], [-74.16146, 40.644295], [-74.157988, 40.643862], [-74.157433, 40.643303], [-74.157916, 40.643083], [-74.158135, 40.642633], [-74.15855, 40.642498], [-74.158811, 40.641759], [-74.159456, 40.641448]]], [[[-74.082213, 40.64828], [-74.081422, 40.648505], [-74.080728, 40.648275], [-74.07981, 40.648383], [-74.078995, 40.648143], [-74.076507, 40.646969], [-74.074453, 40.645067], [-74.073958, 40.645193], [-74.073591, 40.644999], [-74.073499, 40.645083], [-74.073857, 40.645425], [-74.073338, 40.645783], [-74.073245, 40.645705], [-74.07369, 40.645306], [-74.073239, 40.644964], [-74.073025, 40.645131], [-74.073202, 40.644944], [-74.073056, 40.644808], [-74.073426, 40.645001], [-74.073122, 40.644715], [-74.072799, 40.64491], [-74.072588, 40.644791], [-74.072703, 40.644646], [-74.072565, 40.64472], [-74.072666, 40.644621], [-74.072532, 40.644557], [-74.072725, 40.644621], [-74.072698, 40.644441], [-74.071658, 40.645034], [-74.072309, 40.644578], [-74.072018, 40.644412], [-74.072292, 40.644266], [-74.072185, 40.64411], [-74.071861, 40.644202], [-74.071756, 40.644012], [-74.072058, 40.6439], [-74.07165, 40.643787], [-74.071597, 40.64346], [-74.071356, 40.643497], [-74.071482, 40.643293], [-74.070938, 40.643346], [-74.071443, 40.643271], [-74.071131, 40.643205], [-74.071503, 40.643129], [-74.071478, 40.642808], [-74.071649, 40.64268], [-74.071704, 40.642796], [-74.072184, 40.642714], [-74.07211, 40.642463], [-74.070374, 40.642691], [-74.070329, 40.642526], [-74.073238, 40.642185], [-74.073144, 40.641853], [-74.070247, 40.642207], [-74.070194, 40.642008], [-74.073087, 40.641637], [-74.07289, 40.640923], [-74.070018, 40.641278], [-74.069984, 40.641069], [-74.07285, 40.640804], [-74.072777, 40.640529], [-74.073077, 40.640513], [-74.07309, 40.638619], [-74.072929, 40.638593], [-74.073014, 40.638409], [-74.072379, 40.638163], [-74.072606, 40.638136], [-74.072573, 40.637872], [-74.073484, 40.637787], [-74.073487, 40.637234], [-74.07054, 40.637471], [-74.070494, 40.637162], [-74.073416, 40.636894], [-74.073373, 40.636611], [-74.072095, 40.636647], [-74.073358, 40.636536], [-74.072832, 40.633666], [-74.073328, 40.632058], [-74.072985, 40.630309], [-74.068022, 40.628788], [-74.06813, 40.628539], [-74.072912, 40.629996], [-74.072292, 40.627152], [-74.072784, 40.627049], [-74.072255, 40.624609], [-74.071062, 40.622793], [-74.07072, 40.622577], [-74.069755, 40.621208], [-74.066493, 40.618898], [-74.065961, 40.619359], [-74.06641, 40.618864], [-74.066199, 40.618722], [-74.065573, 40.619275], [-74.065446, 40.619203], [-74.066682, 40.618067], [-74.066416, 40.617872], [-74.06605, 40.618195], [-74.065699, 40.617956], [-74.065465, 40.618107], [-74.064962, 40.617772], [-74.064357, 40.618246], [-74.064257, 40.618172], [-74.065099, 40.617511], [-74.064437, 40.617062], [-74.064012, 40.617402], [-74.063909, 40.617329], [-74.064327, 40.616989], [-74.063761, 40.616799], [-74.063767, 40.616604], [-74.061307, 40.614192], [-74.060337, 40.611902], [-74.059854, 40.612103], [-74.060016, 40.612764], [-74.060198, 40.612786], [-74.059999, 40.612784], [-74.059769, 40.612057], [-74.060272, 40.61182], [-74.059533, 40.611714], [-74.059271, 40.611493], [-74.058901, 40.611002], [-74.059123, 40.610822], [-74.059086, 40.610634], [-74.057164, 40.608743], [-74.056496, 40.607248], [-74.055521, 40.606483], [-74.05516, 40.60673], [-74.054989, 40.606661], [-74.055182, 40.606475], [-74.05506, 40.606265], [-74.053811, 40.605913], [-74.053607, 40.605239], [-74.05402, 40.604935], [-74.05354, 40.603634], [-74.053033, 40.601466], [-74.053384, 40.600895], [-74.053407, 40.600523], [-74.053007, 40.60016], [-74.05223, 40.599824], [-74.052325, 40.599715], [-74.052918, 40.599846], [-74.054474, 40.598756], [-74.057194, 40.596395], [-74.059727, 40.593908], [-74.059641, 40.593709], [-74.059767, 40.593835], [-74.060554, 40.59338], [-74.062153, 40.592025], [-74.065033, 40.588991], [-74.06436, 40.588268], [-74.064778, 40.588488], [-74.067223, 40.586734], [-74.070963, 40.583182], [-74.071492, 40.582169], [-74.070658, 40.581626], [-74.071467, 40.582027], [-74.071776, 40.581877], [-74.074994, 40.579237], [-74.073506, 40.578402], [-74.073325, 40.57846], [-74.073361, 40.578275], [-74.073557, 40.578201], [-74.073497, 40.578328], [-74.075083, 40.57916], [-74.075798, 40.578309], [-74.075235, 40.577999], [-74.075346, 40.577888], [-74.076016, 40.578245], [-74.076399, 40.577995], [-74.076297, 40.577899], [-74.076493, 40.577961], [-74.076882, 40.577637], [-74.076737, 40.577373], [-74.076939, 40.577534], [-74.077375, 40.577282], [-74.079263, 40.575671], [-74.078679, 40.575082], [-74.079336, 40.575627], [-74.080503, 40.57498], [-74.085953, 40.570298], [-74.086913, 40.568986], [-74.086216, 40.568533], [-74.087251, 40.569082], [-74.088357, 40.568267], [-74.089249, 40.567016], [-74.089983, 40.56738], [-74.090999, 40.566737], [-74.09405, 40.562982], [-74.094071, 40.562732], [-74.095111, 40.563173], [-74.095424, 40.563155], [-74.095672, 40.562776], [-74.096118, 40.562588], [-74.096614, 40.562087], [-74.098198, 40.559836], [-74.09829, 40.559333], [-74.097821, 40.559053], [-74.098764, 40.559424], [-74.09938, 40.558964], [-74.099718, 40.559141], [-74.099929, 40.559071], [-74.1008, 40.558322], [-74.101244, 40.557661], [-74.101846, 40.556217], [-74.10184, 40.555945], [-74.101354, 40.555583], [-74.102651, 40.556134], [-74.103098, 40.555905], [-74.104659, 40.55412], [-74.105089, 40.553235], [-74.104844, 40.553026], [-74.106428, 40.553853], [-74.106482, 40.554157], [-74.107348, 40.554148], [-74.108539, 40.553258], [-74.110285, 40.551496], [-74.112788, 40.547884], [-74.11301, 40.54778], [-74.113383, 40.548073], [-74.114738, 40.547997], [-74.115462, 40.547515], [-74.11608, 40.547865], [-74.116545, 40.547872], [-74.1173, 40.547464], [-74.118041, 40.547307], [-74.119778, 40.54547], [-74.121581, 40.545209], [-74.122453, 40.544771], [-74.124244, 40.54311], [-74.125751, 40.541305], [-74.130712, 40.534535], [-74.133564, 40.531511], [-74.136188, 40.529621], [-74.136908, 40.529282], [-74.137285, 40.52974], [-74.138251, 40.529691], [-74.138883, 40.529961], [-74.139151, 40.53152], [-74.14027, 40.5333], [-74.140611, 40.534131], [-74.140492, 40.534999], [-74.140003, 40.535457], [-74.138012, 40.535203], [-74.135075, 40.535241], [-74.1341, 40.535494], [-74.133026, 40.53624], [-74.133369, 40.536356], [-74.133012, 40.536256], [-74.133161, 40.536374], [-74.132943, 40.536322], [-74.131195, 40.537872], [-74.131526, 40.537719], [-74.131293, 40.537957], [-74.131814, 40.538307], [-74.132112, 40.538052], [-74.131698, 40.537857], [-74.131846, 40.537735], [-74.132136, 40.538033], [-74.132424, 40.537775], [-74.131912, 40.537533], [-74.13208, 40.537395], [-74.132453, 40.53776], [-74.132755, 40.537505], [-74.132236, 40.537263], [-74.132398, 40.537119], [-74.132776, 40.537484], [-74.133074, 40.537229], [-74.132558, 40.536991], [-74.132736, 40.536855], [-74.133095, 40.537212], [-74.133392, 40.536958], [-74.132874, 40.53672], [-74.133035, 40.536575], [-74.13341, 40.53694], [-74.133861, 40.536598], [-74.129969, 40.539968], [-74.130209, 40.539703], [-74.129684, 40.539472], [-74.129846, 40.539327], [-74.130228, 40.539684], [-74.130522, 40.539426], [-74.130003, 40.539172], [-74.130169, 40.539033], [-74.130542, 40.539409], [-74.130839, 40.539148], [-74.130322, 40.5389], [-74.130463, 40.538778], [-74.130859, 40.539131], [-74.131153, 40.538874], [-74.130654, 40.538617], [-74.1308, 40.538492], [-74.131174, 40.538855], [-74.131474, 40.538598], [-74.130975, 40.538342], [-74.13112, 40.538219], [-74.131497, 40.538581], [-74.131794, 40.538326], [-74.131165, 40.5379], [-74.127987, 40.540711], [-74.127406, 40.542019], [-74.127601, 40.543223], [-74.127731, 40.543423], [-74.127928, 40.543373], [-74.127567, 40.543499], [-74.12763, 40.543609], [-74.12799, 40.543484], [-74.127819, 40.543564], [-74.129019, 40.545059], [-74.129872, 40.545828], [-74.130727, 40.546255], [-74.133259, 40.546847], [-74.135423, 40.546574], [-74.136412, 40.546252], [-74.136516, 40.545915], [-74.137133, 40.545931], [-74.13718, 40.545793], [-74.136261, 40.544963], [-74.136115, 40.54502], [-74.136384, 40.544855], [-74.136284, 40.544947], [-74.137193, 40.545784], [-74.137508, 40.545578], [-74.136734, 40.544804], [-74.136589, 40.544845], [-74.136873, 40.544683], [-74.136749, 40.544783], [-74.13795, 40.546], [-74.13887, 40.54513], [-74.137624, 40.544254], [-74.137756, 40.544145], [-74.137679, 40.544259], [-74.138755, 40.544934], [-74.13902, 40.544716], [-74.13799, 40.54399], [-74.137868, 40.544053], [-74.138043, 40.543905], [-74.139033, 40.544705], [-74.139539, 40.544295], [-74.139433, 40.544217], [-74.139145, 40.54451], [-74.139033, 40.544428], [-74.139421, 40.544206], [-74.139288, 40.544117], [-74.138975, 40.544376], [-74.13922, 40.544067], [-74.139083, 40.543968], [-74.138876, 40.544244], [-74.138728, 40.54413], [-74.139078, 40.54396], [-74.138835, 40.543791], [-74.138586, 40.544105], [-74.138415, 40.543978], [-74.138823, 40.543784], [-74.13854, 40.543588], [-74.138207, 40.543774], [-74.13828, 40.543867], [-74.138151, 40.543772], [-74.138526, 40.543579], [-74.138342, 40.543552], [-74.138523, 40.543402], [-74.13846, 40.543506], [-74.13859, 40.54345], [-74.138533, 40.543544], [-74.13957, 40.544272], [-74.139837, 40.544052], [-74.138706, 40.543291], [-74.138906, 40.543132], [-74.138771, 40.543291], [-74.139037, 40.543227], [-74.138984, 40.543384], [-74.139676, 40.543889], [-74.139889, 40.543752], [-74.139704, 40.543909], [-74.139865, 40.544027], [-74.140013, 40.54383], [-74.140386, 40.544033], [-74.140328, 40.543802], [-74.13935, 40.543096], [-74.13922, 40.543166], [-74.139408, 40.543017], [-74.140226, 40.543696], [-74.140296, 40.54364], [-74.140126, 40.543513], [-74.140287, 40.543385], [-74.139361, 40.542826], [-74.139537, 40.542682], [-74.139479, 40.542768], [-74.140306, 40.543367], [-74.140627, 40.543113], [-74.139756, 40.542481], [-74.139632, 40.542541], [-74.139859, 40.542357], [-74.139775, 40.542464], [-74.140646, 40.543094], [-74.140845, 40.542939], [-74.141324, 40.543094], [-74.140385, 40.542421], [-74.140407, 40.542361], [-74.140287, 40.542456], [-74.140165, 40.542366], [-74.140335, 40.542228], [-74.140207, 40.542365], [-74.140407, 40.542327], [-74.141411, 40.543022], [-74.141079, 40.542791], [-74.141084, 40.542639], [-74.141327, 40.542747], [-74.141143, 40.542588], [-74.141249, 40.54266], [-74.141335, 40.542589], [-74.140263, 40.541962], [-74.140496, 40.542061], [-74.14068, 40.541909], [-74.140619, 40.542056], [-74.141349, 40.542578], [-74.141462, 40.542484], [-74.141294, 40.542336], [-74.141481, 40.542468], [-74.141363, 40.542278], [-74.14155, 40.542411], [-74.141797, 40.5422], [-74.140895, 40.541571], [-74.14064, 40.541695], [-74.140958, 40.541432], [-74.140895, 40.541537], [-74.141873, 40.542167], [-74.141672, 40.542335], [-74.142299, 40.542252], [-74.142183, 40.542018], [-74.142477, 40.541334], [-74.141775, 40.540084], [-74.142005, 40.539568], [-74.141729, 40.539339], [-74.142304, 40.53907], [-74.142338, 40.538949], [-74.141766, 40.538542], [-74.142265, 40.53814], [-74.141838, 40.538422], [-74.14223, 40.538114], [-74.142079, 40.538004], [-74.142167, 40.537933], [-74.141219, 40.537254], [-74.141042, 40.537347], [-74.141298, 40.537138], [-74.141241, 40.537235], [-74.142186, 40.537918], [-74.14239, 40.537753], [-74.141583, 40.537088], [-74.143701, 40.537211], [-74.144183, 40.536794], [-74.144741, 40.535801], [-74.145363, 40.535856], [-74.14602, 40.535554], [-74.145997, 40.53539], [-74.146255, 40.535539], [-74.147015, 40.535324], [-74.149217, 40.534242], [-74.149777, 40.533888], [-74.149758, 40.533424], [-74.150696, 40.532546], [-74.15112, 40.532741], [-74.151758, 40.532402], [-74.151682, 40.532276], [-74.151853, 40.532164], [-74.152457, 40.532068], [-74.154131, 40.530723], [-74.154047, 40.530595], [-74.154215, 40.530665], [-74.154641, 40.530335], [-74.154544, 40.530062], [-74.154929, 40.530225], [-74.155648, 40.529643], [-74.155504, 40.529438], [-74.155732, 40.529601], [-74.15599, 40.52942], [-74.156449, 40.528932], [-74.156187, 40.528611], [-74.156671, 40.528993], [-74.157019, 40.528978], [-74.158261, 40.5283], [-74.157972, 40.528067], [-74.158326, 40.528278], [-74.159701, 40.527296], [-74.160304, 40.527556], [-74.161582, 40.527013], [-74.162272, 40.527194], [-74.16372, 40.52635], [-74.164747, 40.52608], [-74.168844, 40.523591], [-74.169997, 40.523046], [-74.170489, 40.523084], [-74.171103, 40.52355], [-74.172063, 40.523321], [-74.176012, 40.520876], [-74.177583, 40.519231], [-74.178319, 40.519946], [-74.179244, 40.519984], [-74.179354, 40.520241], [-74.17981, 40.520552], [-74.181041, 40.520705], [-74.182336, 40.520352], [-74.183148, 40.519871], [-74.183424, 40.51989], [-74.184831, 40.519341], [-74.186567, 40.518116], [-74.188494, 40.51634], [-74.189269, 40.515345], [-74.188843, 40.515087], [-74.189712, 40.51532], [-74.191789, 40.513052], [-74.193443, 40.511567], [-74.194096, 40.510641], [-74.195213, 40.509978], [-74.196499, 40.509924], [-74.198608, 40.511197], [-74.199672, 40.511427], [-74.200037, 40.512678], [-74.198926, 40.512777], [-74.199361, 40.51301], [-74.200829, 40.513031], [-74.207597, 40.511835], [-74.208619, 40.511448], [-74.209688, 40.510797], [-74.20919, 40.510499], [-74.209322, 40.510399], [-74.209714, 40.510778], [-74.209853, 40.510672], [-74.210634, 40.509843], [-74.211792, 40.508173], [-74.213382, 40.506766], [-74.213531, 40.506397], [-74.213855, 40.506607], [-74.214343, 40.506519], [-74.215108, 40.50606], [-74.215912, 40.505371], [-74.217582, 40.503341], [-74.217946, 40.50336], [-74.21977, 40.502743], [-74.223047, 40.502478], [-74.225002, 40.50177], [-74.227294, 40.502297], [-74.229716, 40.502086], [-74.230339, 40.501804], [-74.230554, 40.501947], [-74.231244, 40.501827], [-74.233599, 40.500913], [-74.235265, 40.500606], [-74.236788, 40.500001], [-74.237668, 40.499123], [-74.237987, 40.499166], [-74.238513, 40.498896], [-74.239849, 40.497583], [-74.244328, 40.497547], [-74.245489, 40.497045], [-74.246761, 40.496134], [-74.248027, 40.49619], [-74.249172, 40.496567], [-74.250855, 40.498006], [-74.251168, 40.498993], [-74.2526, 40.499643], [-74.253083, 40.500035], [-74.25531, 40.504136], [-74.255307, 40.506536], [-74.255589, 40.507645], [-74.255453, 40.508033], [-74.254629, 40.508675], [-74.254981, 40.508771], [-74.254973, 40.508806], [-74.254619, 40.508684], [-74.254345, 40.508792], [-74.253977, 40.50902], [-74.254038, 40.509253], [-74.254389, 40.509344], [-74.254021, 40.509273], [-74.253689, 40.509426], [-74.254647, 40.509826], [-74.254526, 40.509973], [-74.253648, 40.509471], [-74.253316, 40.509862], [-74.253064, 40.511055], [-74.253258, 40.511089], [-74.253008, 40.511194], [-74.253527, 40.511678], [-74.253036, 40.511433], [-74.25309, 40.512122], [-74.251952, 40.512997], [-74.252126, 40.51371], [-74.251353, 40.514393], [-74.250545, 40.514717], [-74.250046, 40.515109], [-74.250555, 40.515716], [-74.250455, 40.515772], [-74.250156, 40.515361], [-74.249888, 40.515522], [-74.25056, 40.516107], [-74.250415, 40.516188], [-74.249357, 40.515006], [-74.249338, 40.515141], [-74.249215, 40.515085], [-74.249632, 40.515545], [-74.249514, 40.515694], [-74.249942, 40.516137], [-74.249431, 40.515688], [-74.248648, 40.516113], [-74.248843, 40.516306], [-74.248546, 40.51617], [-74.248601, 40.516313], [-74.248284, 40.516487], [-74.248946, 40.517195], [-74.249408, 40.516981], [-74.248514, 40.517476], [-74.248919, 40.517208], [-74.247518, 40.515736], [-74.24693, 40.516066], [-74.24644, 40.515965], [-74.246129, 40.516137], [-74.24675, 40.516496], [-74.24651, 40.51667], [-74.246996, 40.517182], [-74.246479, 40.516687], [-74.246377, 40.516739], [-74.246537, 40.51696], [-74.24635, 40.516753], [-74.245209, 40.51729], [-74.24567, 40.51779], [-74.245635, 40.518076], [-74.245088, 40.518067], [-74.244298, 40.518515], [-74.243652, 40.518295], [-74.242325, 40.518327], [-74.24126, 40.51918], [-74.241031, 40.519543], [-74.240491, 40.519192], [-74.239823, 40.520091], [-74.240733, 40.520569], [-74.241173, 40.52106], [-74.241332, 40.520895], [-74.242932, 40.521227], [-74.242584, 40.522199], [-74.242762, 40.522727], [-74.242614, 40.523081], [-74.242802, 40.524007], [-74.243358, 40.524819], [-74.243965, 40.524905], [-74.243339, 40.525854], [-74.242829, 40.527419], [-74.242887, 40.5282], [-74.24251, 40.528446], [-74.242455, 40.528955], [-74.242188, 40.529438], [-74.242245, 40.529823], [-74.241507, 40.531041], [-74.241811, 40.532563], [-74.242178, 40.532576], [-74.242282, 40.533387], [-74.241965, 40.533634], [-74.242046, 40.534346], [-74.242366, 40.534734], [-74.24258, 40.534768], [-74.242858, 40.535353], [-74.243663, 40.536075], [-74.244125, 40.536196], [-74.243979, 40.536518], [-74.244164, 40.536894], [-74.244588, 40.536933], [-74.244937, 40.536664], [-74.245337, 40.536906], [-74.245261, 40.537152], [-74.244801, 40.537409], [-74.244443, 40.538067], [-74.245232, 40.539144], [-74.245602, 40.54095], [-74.245993, 40.541279], [-74.246486, 40.542213], [-74.247678, 40.543125], [-74.248035, 40.543093], [-74.246184, 40.545634], [-74.243363, 40.547865], [-74.243584, 40.547624], [-74.242936, 40.547113], [-74.242203, 40.546949], [-74.240392, 40.547663], [-74.238372, 40.549142], [-74.23762, 40.550123], [-74.236416, 40.550509], [-74.236175, 40.551427], [-74.236521, 40.552021], [-74.236416, 40.552328], [-74.234885, 40.553006], [-74.233778, 40.552514], [-74.233324, 40.552509], [-74.232291, 40.553364], [-74.231933, 40.55415], [-74.23071, 40.555558], [-74.23025, 40.555387], [-74.22932, 40.555492], [-74.229353, 40.555751], [-74.229052, 40.556107], [-74.228332, 40.55639], [-74.227437, 40.556039], [-74.226405, 40.556256], [-74.223903, 40.555897], [-74.223864, 40.556098], [-74.223443, 40.556047], [-74.223786, 40.55588], [-74.223161, 40.555787], [-74.222972, 40.555503], [-74.222575, 40.555406], [-74.221799, 40.555417], [-74.22157, 40.555649], [-74.221299, 40.555366], [-74.220867, 40.55594], [-74.220553, 40.555885], [-74.220297, 40.555598], [-74.220106, 40.554929], [-74.219744, 40.554613], [-74.219081, 40.554847], [-74.219337, 40.555691], [-74.219217, 40.555797], [-74.218914, 40.554778], [-74.218593, 40.554674], [-74.21875, 40.556028], [-74.218174, 40.555601], [-74.217753, 40.555005], [-74.216042, 40.555544], [-74.214741, 40.556242], [-74.214993, 40.556795], [-74.214623, 40.556913], [-74.214227, 40.556557], [-74.213955, 40.556657], [-74.213765, 40.556397], [-74.213275, 40.556625], [-74.213136, 40.557051], [-74.212643, 40.55729], [-74.212673, 40.557648], [-74.211968, 40.558442], [-74.211756, 40.559125], [-74.211972, 40.559305], [-74.21188, 40.559597], [-74.211167, 40.5605], [-74.21134, 40.56123], [-74.211098, 40.562161], [-74.21138, 40.563492], [-74.210963, 40.56429], [-74.210623, 40.56552], [-74.209541, 40.567515], [-74.209535, 40.567928], [-74.209322, 40.568025], [-74.209242, 40.56841], [-74.208867, 40.56891], [-74.208926, 40.569624], [-74.208017, 40.570518], [-74.208169, 40.570719], [-74.207836, 40.57261], [-74.207263, 40.574113], [-74.207078, 40.574266], [-74.207227, 40.574487], [-74.20707, 40.574743], [-74.207284, 40.575255], [-74.206812, 40.575922], [-74.206887, 40.576217], [-74.207089, 40.576306], [-74.206927, 40.576544], [-74.20658, 40.576653], [-74.206531, 40.576902], [-74.206808, 40.57718], [-74.206323, 40.577539], [-74.205917, 40.578617], [-74.205993, 40.58041], [-74.205724, 40.580966], [-74.205417, 40.581069], [-74.205081, 40.581599], [-74.205089, 40.582208], [-74.204709, 40.582798], [-74.204739, 40.583176], [-74.204401, 40.583713], [-74.204634, 40.584323], [-74.204364, 40.584634], [-74.204415, 40.585524], [-74.204119, 40.585896], [-74.204275, 40.58611], [-74.204265, 40.587321], [-74.204581, 40.588218], [-74.204273, 40.588483], [-74.204122, 40.588881], [-74.204323, 40.589137], [-74.204574, 40.588719], [-74.204705, 40.588772], [-74.204435, 40.589218], [-74.204646, 40.589286], [-74.204409, 40.589707], [-74.204203, 40.589643], [-74.203859, 40.59025], [-74.2037, 40.5902], [-74.203886, 40.589786], [-74.202659, 40.590722], [-74.202378, 40.590645], [-74.202014, 40.590896], [-74.202468, 40.590839], [-74.203053, 40.591141], [-74.202963, 40.591231], [-74.202455, 40.590951], [-74.202027, 40.590999], [-74.202124, 40.591253], [-74.201841, 40.591636], [-74.202003, 40.591781], [-74.202303, 40.591469], [-74.202309, 40.591533], [-74.200925, 40.592866], [-74.200471, 40.592812], [-74.199741, 40.593565], [-74.199362, 40.594094], [-74.199483, 40.594321], [-74.198732, 40.595012], [-74.198561, 40.595553], [-74.19795, 40.59647], [-74.197514, 40.596799], [-74.197497, 40.597724], [-74.197306, 40.59806], [-74.19876, 40.601712], [-74.200149, 40.603683], [-74.201385, 40.604637], [-74.202218, 40.60597], [-74.202816, 40.608271], [-74.202302, 40.611876], [-74.202444, 40.613285], [-74.200383, 40.616428], [-74.20059, 40.617029], [-74.200828, 40.617094], [-74.200914, 40.617799], [-74.200875, 40.6181], [-74.200553, 40.617992], [-74.200352, 40.618342], [-74.20084, 40.618804], [-74.200681, 40.619168], [-74.20107, 40.620382], [-74.200506, 40.6203], [-74.200428, 40.620495], [-74.200873, 40.620591], [-74.201258, 40.621555], [-74.201436, 40.621621], [-74.201308, 40.621658], [-74.201231, 40.622074], [-74.201275, 40.622688], [-74.201546, 40.622698], [-74.201632, 40.623122], [-74.201585, 40.623498], [-74.201344, 40.623553], [-74.201397, 40.623736], [-74.201077, 40.624078], [-74.201061, 40.625895], [-74.201183, 40.62611], [-74.201417, 40.626071], [-74.200986, 40.629344], [-74.200805, 40.629333], [-74.200755, 40.629595], [-74.200477, 40.629657], [-74.200426, 40.629821], [-74.200408, 40.63025], [-74.200778, 40.630247], [-74.200786, 40.63035], [-74.200403, 40.630292], [-74.200185, 40.631329], [-74.200424, 40.631352], [-74.200404, 40.631446], [-74.200173, 40.631361], [-74.198501, 40.632798], [-74.198344, 40.633141], [-74.197959, 40.633267], [-74.197591, 40.633081], [-74.197287, 40.633292], [-74.19715, 40.633929], [-74.19647, 40.634136], [-74.196029, 40.634996], [-74.195577, 40.635004], [-74.195307, 40.635234], [-74.195201, 40.635708], [-74.194423, 40.636582], [-74.194542, 40.63707], [-74.194787, 40.637132], [-74.194623, 40.637391], [-74.193973, 40.637309], [-74.193583, 40.637469], [-74.19372, 40.637567], [-74.186525, 40.643389], [-74.186232, 40.643187], [-74.185909, 40.643631], [-74.185114, 40.643806], [-74.185248, 40.643944], [-74.184836, 40.644128], [-74.184436, 40.64366], [-74.184113, 40.64353], [-74.184065, 40.643324], [-74.18437, 40.6431], [-74.184214, 40.643117], [-74.183955, 40.642494], [-74.183651, 40.64224], [-74.184026, 40.6431], [-74.183846, 40.643266], [-74.183474, 40.642949], [-74.183242, 40.642964], [-74.1838, 40.644432], [-74.18366, 40.644616], [-74.182889, 40.6448], [-74.181184, 40.644586], [-74.180872, 40.644851], [-74.180482, 40.644279], [-74.180041, 40.644288], [-74.179907, 40.644379], [-74.179965, 40.645267], [-74.179884, 40.64511], [-74.179775, 40.645167], [-74.17973, 40.644381], [-74.179331, 40.644401], [-74.179251, 40.645042], [-74.179075, 40.644647], [-74.179036, 40.643395], [-74.179405, 40.643129], [-74.179587, 40.641918], [-74.179187, 40.642988], [-74.178791, 40.642499], [-74.178483, 40.642521], [-74.178257, 40.642129], [-74.178341, 40.642589], [-74.177812, 40.6426], [-74.177686, 40.642949], [-74.177211, 40.643123], [-74.176824, 40.642859], [-74.176705, 40.642417], [-74.176358, 40.642327], [-74.176687, 40.642552], [-74.176668, 40.643387], [-74.175982, 40.643464], [-74.175603, 40.643311], [-74.175472, 40.644123], [-74.175685, 40.64471], [-74.175467, 40.644647], [-74.175297, 40.645075], [-74.174896, 40.645146], [-74.174586, 40.645017], [-74.174366, 40.645136], [-74.172941, 40.644205], [-74.173002, 40.643585], [-74.172448, 40.643422], [-74.172362, 40.643256], [-74.172721, 40.642948], [-74.172572, 40.642987], [-74.17244, 40.642812], [-74.171963, 40.642858], [-74.171511, 40.643135], [-74.171336, 40.642856], [-74.17186, 40.642523], [-74.17175, 40.642517], [-74.171849, 40.64238], [-74.171722, 40.64194], [-74.171483, 40.641726], [-74.171587, 40.64103], [-74.172023, 40.640989], [-74.172939, 40.64058], [-74.17298, 40.640486], [-74.172062, 40.640942], [-74.17157, 40.641012], [-74.171387, 40.641423], [-74.171374, 40.642085], [-74.17105, 40.642594], [-74.171275, 40.642112], [-74.171193, 40.64174], [-74.170286, 40.641775], [-74.170079, 40.642086], [-74.169153, 40.641873], [-74.169064, 40.64213], [-74.167741, 40.641728], [-74.167576, 40.641845], [-74.166534, 40.641423], [-74.166216, 40.642424], [-74.1661, 40.642407], [-74.166319, 40.641437], [-74.165801, 40.641225], [-74.165634, 40.641214], [-74.165443, 40.642281], [-74.164941, 40.642209], [-74.16519, 40.640642], [-74.164734, 40.640391], [-74.164571, 40.641419], [-74.164415, 40.641397], [-74.164597, 40.640316], [-74.164169, 40.639994], [-74.164002, 40.641066], [-74.163862, 40.641053], [-74.164047, 40.639947], [-74.16385, 40.639892], [-74.163454, 40.639857], [-74.163246, 40.640957], [-74.162805, 40.641038], [-74.161675, 40.640611], [-74.162285, 40.638766], [-74.161819, 40.638646], [-74.161449, 40.639428], [-74.161302, 40.639394], [-74.16166, 40.638665], [-74.16124, 40.638595], [-74.160905, 40.639386], [-74.160737, 40.639351], [-74.161082, 40.638568], [-74.160811, 40.638633], [-74.160348, 40.638444], [-74.159864, 40.639928], [-74.160225, 40.638339], [-74.160058, 40.638722], [-74.159857, 40.638729], [-74.159577, 40.637993], [-74.15932, 40.63781], [-74.159056, 40.638039], [-74.15901, 40.638823], [-74.158895, 40.638815], [-74.158933, 40.638264], [-74.157893, 40.637965], [-74.157841, 40.638874], [-74.157734, 40.638879], [-74.157774, 40.637957], [-74.157188, 40.637951], [-74.157101, 40.639278], [-74.156977, 40.639275], [-74.157071, 40.637947], [-74.156103, 40.63794], [-74.156115, 40.637531], [-74.155699, 40.637518], [-74.155618, 40.63847], [-74.155493, 40.638467], [-74.155586, 40.637731], [-74.154829, 40.637724], [-74.154693, 40.639194], [-74.154778, 40.637722], [-74.154597, 40.637343], [-74.154253, 40.637172], [-74.153414, 40.637273], [-74.152797, 40.637133], [-74.152697, 40.637642], [-74.152218, 40.637693], [-74.152298, 40.638274], [-74.152137, 40.638291], [-74.152046, 40.637667], [-74.151195, 40.637731], [-74.151395, 40.639397], [-74.151248, 40.639409], [-74.15113, 40.638501], [-74.150556, 40.638559], [-74.149968, 40.63815], [-74.149679, 40.637518], [-74.149458, 40.63741], [-74.149312, 40.637526], [-74.149419, 40.638292], [-74.149194, 40.638668], [-74.148882, 40.638705], [-74.148558, 40.637438], [-74.148778, 40.638876], [-74.146022, 40.639095], [-74.146057, 40.639229], [-74.145193, 40.639378], [-74.144671, 40.639304], [-74.143862, 40.638888], [-74.14375, 40.638962], [-74.143817, 40.639207], [-74.143573, 40.639227], [-74.143361, 40.63971], [-74.142578, 40.639534], [-74.142388, 40.639641], [-74.142298, 40.640306], [-74.141556, 40.640367], [-74.14148, 40.640092], [-74.140763, 40.640589], [-74.137576, 40.641001], [-74.137344, 40.641148], [-74.13737, 40.641295], [-74.134353, 40.641887], [-74.134303, 40.641754], [-74.133497, 40.641717], [-74.133415, 40.641547], [-74.132992, 40.641417], [-74.132403, 40.641704], [-74.131256, 40.641597], [-74.131462, 40.64131], [-74.130184, 40.640724], [-74.129678, 40.641385], [-74.129491, 40.641355], [-74.129977, 40.64073], [-74.129307, 40.640337], [-74.12923, 40.640484], [-74.128933, 40.640414], [-74.128907, 40.641195], [-74.128812, 40.640227], [-74.127527, 40.640155], [-74.127148, 40.639311], [-74.127027, 40.639319], [-74.127054, 40.640242], [-74.126448, 40.640378], [-74.12607, 40.640254], [-74.1262, 40.641264], [-74.126368, 40.641332], [-74.12564, 40.641418], [-74.126133, 40.641264], [-74.125995, 40.640231], [-74.124156, 40.640135], [-74.122856, 40.640821], [-74.122573, 40.640622], [-74.122907, 40.641019], [-74.122762, 40.641427], [-74.121841, 40.641406], [-74.121991, 40.641555], [-74.121853, 40.641581], [-74.121807, 40.641412], [-74.121779, 40.641593], [-74.121559, 40.641622], [-74.121761, 40.641574], [-74.121724, 40.641429], [-74.121326, 40.641607], [-74.121312, 40.641453], [-74.121195, 40.641675], [-74.121281, 40.641432], [-74.121077, 40.641607], [-74.12118, 40.641383], [-74.120713, 40.641046], [-74.119935, 40.641198], [-74.119971, 40.641315], [-74.119607, 40.64138], [-74.119957, 40.642209], [-74.119854, 40.642236], [-74.11953, 40.64147], [-74.119097, 40.641473], [-74.1194, 40.642379], [-74.119003, 40.641465], [-74.118616, 40.64153], [-74.118961, 40.642505], [-74.118836, 40.642542], [-74.118402, 40.64153], [-74.118008, 40.641805], [-74.118156, 40.642131], [-74.118049, 40.642157], [-74.117917, 40.641826], [-74.117288, 40.641594], [-74.117112, 40.641656], [-74.117507, 40.64242], [-74.117137, 40.641898], [-74.116722, 40.642032], [-74.117225, 40.643027], [-74.116666, 40.642107], [-74.1163, 40.642203], [-74.11667, 40.64319], [-74.116142, 40.642216], [-74.115719, 40.642352], [-74.116227, 40.643307], [-74.115648, 40.642375], [-74.115351, 40.642471], [-74.115117, 40.642785], [-74.113797, 40.64361], [-74.114041, 40.644043], [-74.113951, 40.644137], [-74.112888, 40.644532], [-74.11389, 40.64399], [-74.113545, 40.643954], [-74.11333, 40.643723], [-74.111161, 40.645096], [-74.111766, 40.644706], [-74.109739, 40.645464], [-74.104722, 40.645564], [-74.104124, 40.64574], [-74.101683, 40.645407], [-74.101618, 40.645527], [-74.101643, 40.645397], [-74.1001, 40.645059], [-74.098801, 40.645047], [-74.0985, 40.64537], [-74.096046, 40.645373], [-74.092988, 40.645973], [-74.093005, 40.646076], [-74.091357, 40.646701], [-74.089404, 40.647306], [-74.087674, 40.648235], [-74.085708, 40.648881], [-74.084844, 40.648891], [-74.082213, 40.64828]]]]}}, {"type": "Feature", "properties": {"name": "Queens"}, "geometry": {"type": "MultiPolygon", "coordinates": [[[[-73.836624, 40.595063], [-73.836709, 40.594712], [-73.836245, 40.594496], [-73.835272, 40.594474], [-73.835117, 40.594366], [-73.835113, 40.593968], [-73.834332, 40.593661], [-73.834225, 40.593348], [-73.833612, 40.593278], [-73.833295, 40.59289], [-73.833084, 40.592987], [-73.833124, 40.592264], [-73.832575, 40.592118], [-73.832676, 40.591895], [-73.833067, 40.591936], [-73.833142, 40.591582], [-73.83344, 40.592036], [-73.833757, 40.592101], [-73.833783, 40.591849], [-73.834082, 40.592083], [-73.834226, 40.591933], [-73.833924, 40.591578], [-73.834228, 40.591374], [-73.833114, 40.591302], [-73.832836, 40.59146], [-73.832561, 40.591326], [-73.832536, 40.590219], [-73.833428, 40.590013], [-73.83359, 40.590116], [-73.834002, 40.589923], [-73.83464, 40.590053], [-73.834954, 40.589728], [-73.834056, 40.589743], [-73.83383, 40.589925], [-73.833227, 40.589796], [-73.833479, 40.589369], [-73.834589, 40.589292], [-73.835223, 40.589471], [-73.835947, 40.589367], [-73.836935, 40.589747], [-73.837195, 40.589699], [-73.837413, 40.590105], [-73.838655, 40.590929], [-73.838667, 40.591533], [-73.839463, 40.592257], [-73.839963, 40.591874], [-73.839433, 40.59244], [-73.839891, 40.5928], [-73.84081, 40.59292], [-73.840988, 40.592412], [-73.841358, 40.592133], [-73.841464, 40.592209], [-73.841167, 40.592446], [-73.84184, 40.592713], [-73.842205, 40.593158], [-73.843047, 40.593452], [-73.843859, 40.593425], [-73.843588, 40.594161], [-73.843312, 40.594423], [-73.842916, 40.594447], [-73.842643, 40.594729], [-73.842208, 40.594668], [-73.84032, 40.59587], [-73.83903, 40.596253], [-73.837434, 40.5958], [-73.836624, 40.595063]]], [[[-73.813397, 40.604364], [-73.811841, 40.603135], [-73.810854, 40.603224], [-73.810536, 40.602496], [-73.809863, 40.601896], [-73.810034, 40.601611], [-73.809913, 40.60132], [-73.810043, 40.600955], [-73.809851, 40.600366], [-73.810001, 40.600029], [-73.810144, 40.600055], [-73.809975, 40.599837], [-73.810189, 40.59986], [-73.810295, 40.599689], [-73.81029, 40.598992], [-73.810962, 40.598557], [-73.811316, 40.59855], [-73.811576, 40.598141], [-73.812221, 40.598554], [-73.813294, 40.599817], [-73.814447, 40.600543], [-73.815015, 40.602056], [-73.814287, 40.604456], [-73.813397, 40.604364]]], [[[-73.827183, 40.60792], [-73.826795, 40.60772], [-73.826298, 40.607817], [-73.826174, 40.607554], [-73.826391, 40.607357], [-73.825982, 40.607158], [-73.825901, 40.606466], [-73.826496, 40.606224], [-73.826905, 40.606424], [-73.828617, 40.605838], [-73.828661, 40.606256], [-73.828151, 40.60795], [-73.827183, 40.60792]]], [[[-73.826075, 40.608438], [-73.826611, 40.608196], [-73.827711, 40.608399], [-73.828051, 40.610046], [-73.826883, 40.609597], [-73.826075, 40.608438]]], [[[-73.832442, 40.605929], [-73.834541, 40.605477], [-73.835876, 40.605637], [-73.834463, 40.607193], [-73.834283, 40.609186], [-73.833733, 40.609286], [-73.833803, 40.609551], [-73.832522, 40.610385], [-73.830329, 40.608488], [-73.830458, 40.606669], [-73.832442, 40.605929]]], [[[-73.794202, 40.607731], [-73.793522, 40.606328], [-73.793998, 40.60608], [-73.79509, 40.607271], [-73.794248, 40.6059], [-73.796963, 40.604118], [-73.8012, 40.603912], [-73.801803, 40.604211], [-73.804285, 40.604519], [-73.805207, 40.60674], [-73.804197, 40.608744], [-73.801592, 40.610231], [-73.798782, 40.610333], [-73.796307, 40.609338], [-73.796095, 40.608826], [-73.795598, 40.608725], [-73.7953, 40.60823], [-73.794202, 40.607731]]], [[[-73.766691, 40.614255], [-73.765164, 40.613754], [-73.765016, 40.613475], [-73.765154, 40.613086], [-73.765113, 40.612465], [-73.764977, 40.612326], [-73.76506, 40.612035], [-73.762299, 40.611359], [-73.761724, 40.611847], [-73.760236, 40.610821], [-73.761782, 40.609152], [-73.761551, 40.609031], [-73.759984, 40.610879], [-73.759491, 40.610816], [-73.759706, 40.610149], [-73.75928, 40.610369], [-73.756551, 40.610155], [-73.755855, 40.610318], [-73.755608, 40.610078], [-73.755874, 40.610385], [-73.755564, 40.610118], [-73.754995, 40.610132], [-73.754732, 40.610405], [-73.753458, 40.61052], [-73.750088, 40.611641], [-73.748216, 40.612011], [-73.747993, 40.61231], [-73.747614, 40.611998], [-73.747216, 40.612179], [-73.746855, 40.611574], [-73.745762, 40.611992], [-73.74387, 40.608892], [-73.743072, 40.607886], [-73.743325, 40.607537], [-73.743147, 40.60726], [-73.740291, 40.604598], [-73.739225, 40.604142], [-73.738151, 40.60271], [-73.737997, 40.601601], [-73.738309, 40.598208], [-73.738089, 40.597688], [-73.738649, 40.597344], [-73.738489, 40.597359], [-73.73872, 40.596949], [-73.738585, 40.597253], [-73.738788, 40.596975], [-73.73938, 40.597239], [-73.739927, 40.597055], [-73.740118, 40.596728], [-73.739799, 40.596429], [-73.740097, 40.596209], [-73.740392, 40.596182], [-73.74036, 40.596775], [-73.740644, 40.597001], [-73.741083, 40.596823], [-73.741574, 40.596904], [-73.741831, 40.596696], [-73.741512, 40.596529], [-73.740521, 40.596572], [-73.740615, 40.596272], [-73.740494, 40.596074], [-73.739928, 40.596062], [-73.739579, 40.596376], [-73.73961, 40.596763], [-73.739464, 40.596878], [-73.739497, 40.59702], [-73.739883, 40.596771], [-73.739655, 40.596585], [-73.739747, 40.596543], [-73.73991, 40.596773], [-73.739796, 40.596883], [-73.739547, 40.597023], [-73.739431, 40.597047], [-73.739208, 40.596992], [-73.738929, 40.596875], [-73.739447, 40.597029], [-73.73944, 40.596897], [-73.739123, 40.596785], [-73.738584, 40.596861], [-73.738122, 40.597386], [-73.738037, 40.595913], [-73.737637, 40.594415], [-73.73817, 40.59454], [-73.738487, 40.594352], [-73.738772, 40.594525], [-73.738778, 40.594355], [-73.738786, 40.59453], [-73.739107, 40.594597], [-73.739294, 40.594453], [-73.739565, 40.594562], [-73.739588, 40.594427], [-73.73962, 40.59458], [-73.739958, 40.594501], [-73.739987, 40.594633], [-73.740136, 40.594512], [-73.740628, 40.594722], [-73.740902, 40.594488], [-73.740895, 40.594612], [-73.741318, 40.594793], [-73.741621, 40.594786], [-73.741698, 40.594642], [-73.742226, 40.594906], [-73.742429, 40.594869], [-73.742387, 40.594729], [-73.74335, 40.594795], [-73.743484, 40.594591], [-73.744625, 40.594662], [-73.746582, 40.594312], [-73.748951, 40.593413], [-73.750226, 40.592711], [-73.751558, 40.591418], [-73.75357, 40.590942], [-73.755955, 40.590874], [-73.757892, 40.591357], [-73.761343, 40.591727], [-73.762953, 40.591611], [-73.76797, 40.590729], [-73.768727, 40.59087], [-73.77088, 40.590554], [-73.77593, 40.590181], [-73.775837, 40.590325], [-73.776662, 40.590066], [-73.777614, 40.590053], [-73.779185, 40.589593], [-73.78043, 40.589597], [-73.784533, 40.588478], [-73.787684, 40.587923], [-73.788784, 40.58745], [-73.789415, 40.587628], [-73.794345, 40.586757], [-73.79602, 40.586319], [-73.796702, 40.586367], [-73.798466, 40.585844], [-73.799492, 40.585814], [-73.800915, 40.585407], [-73.80184, 40.585352], [-73.803302, 40.584886], [-73.803776, 40.585015], [-73.805623, 40.584511], [-73.806518, 40.584465], [-73.807835, 40.584015], [-73.80887, 40.584024], [-73.809515, 40.583823], [-73.813524, 40.583473], [-73.819288, 40.581767], [-73.822228, 40.581115], [-73.827174, 40.579445], [-73.831461, 40.578419], [-73.833869, 40.57765], [-73.837785, 40.575924], [-73.843784, 40.573887], [-73.852202, 40.570745], [-73.853966, 40.570313], [-73.857134, 40.569127], [-73.860223, 40.567921], [-73.862553, 40.56681], [-73.862869, 40.566831], [-73.862694, 40.566502], [-73.863005, 40.566876], [-73.863559, 40.567027], [-73.865538, 40.566572], [-73.866617, 40.566092], [-73.866309, 40.565546], [-73.86663, 40.56609], [-73.866861, 40.566086], [-73.868487, 40.565527], [-73.868251, 40.565069], [-73.868528, 40.565545], [-73.86925, 40.565385], [-73.870622, 40.564813], [-73.870276, 40.564175], [-73.870641, 40.56481], [-73.870913, 40.564765], [-73.87264, 40.564084], [-73.872379, 40.563575], [-73.872749, 40.56411], [-73.87322, 40.564064], [-73.874593, 40.563631], [-73.874645, 40.563501], [-73.87633, 40.563087], [-73.880284, 40.561511], [-73.880297, 40.561375], [-73.880457, 40.561474], [-73.881327, 40.561359], [-73.882416, 40.560911], [-73.882374, 40.56076], [-73.882508, 40.56088], [-73.883247, 40.560856], [-73.884884, 40.560182], [-73.884859, 40.560043], [-73.885113, 40.560151], [-73.886111, 40.559922], [-73.886962, 40.559558], [-73.886975, 40.5594], [-73.887072, 40.559542], [-73.887893, 40.559511], [-73.8894, 40.558914], [-73.889639, 40.558664], [-73.890217, 40.558812], [-73.890796, 40.558619], [-73.891912, 40.558167], [-73.892139, 40.557872], [-73.892559, 40.558121], [-73.893471, 40.557946], [-73.894953, 40.557293], [-73.894918, 40.557079], [-73.895185, 40.557385], [-73.895512, 40.557414], [-73.896995, 40.556892], [-73.89708, 40.556657], [-73.897357, 40.556998], [-73.897995, 40.557102], [-73.899132, 40.556794], [-73.89913, 40.556641], [-73.89956, 40.556707], [-73.899821, 40.556525], [-73.900184, 40.556618], [-73.900586, 40.556422], [-73.900701, 40.556634], [-73.901243, 40.556761], [-73.902794, 40.556733], [-73.906914, 40.555604], [-73.919481, 40.550625], [-73.926419, 40.548156], [-73.930547, 40.546422], [-73.93612, 40.544507], [-73.938899, 40.543228], [-73.940474, 40.54285], [-73.940559, 40.541847], [-73.940737, 40.54182], [-73.94013, 40.548003], [-73.940128, 40.549516], [-73.940653, 40.552498], [-73.940413, 40.553565], [-73.939851, 40.55456], [-73.938305, 40.55591], [-73.935706, 40.557225], [-73.933403, 40.557351], [-73.931921, 40.557819], [-73.926157, 40.561553], [-73.924215, 40.562001], [-73.921078, 40.56208], [-73.920368, 40.562219], [-73.92026, 40.562612], [-73.920098, 40.562571], [-73.920331, 40.562226], [-73.917661, 40.562826], [-73.914553, 40.564353], [-73.913867, 40.564608], [-73.913132, 40.564638], [-73.912202, 40.565055], [-73.911883, 40.56499], [-73.911927, 40.565112], [-73.911955, 40.565811], [-73.912162, 40.565836], [-73.91197, 40.565869], [-73.911736, 40.565873], [-73.911926, 40.565814], [-73.911858, 40.564995], [-73.910798, 40.565111], [-73.910101, 40.564956], [-73.910038, 40.564794], [-73.909772, 40.565305], [-73.909717, 40.565287], [-73.910023, 40.56478], [-73.909763, 40.564285], [-73.909277, 40.563997], [-73.908725, 40.563931], [-73.907948, 40.564158], [-73.907976, 40.563556], [-73.906839, 40.562856], [-73.905495, 40.562766], [-73.904224, 40.562995], [-73.902907, 40.563479], [-73.90229, 40.562992], [-73.901511, 40.562955], [-73.899056, 40.563813], [-73.896281, 40.565233], [-73.895333, 40.566341], [-73.89566, 40.567059], [-73.895312, 40.567022], [-73.893455, 40.568235], [-73.89261, 40.568587], [-73.890165, 40.568229], [-73.889595, 40.567942], [-73.889111, 40.567916], [-73.888368, 40.568145], [-73.887862, 40.568038], [-73.886547, 40.568471], [-73.885342, 40.568599], [-73.884897, 40.5685], [-73.88431, 40.568696], [-73.884887, 40.56847], [-73.884756, 40.568289], [-73.884708, 40.56843], [-73.884337, 40.568488], [-73.884737, 40.568269], [-73.884457, 40.567896], [-73.884166, 40.568002], [-73.884256, 40.568157], [-73.884148, 40.568009], [-73.883989, 40.56806], [-73.884072, 40.568195], [-73.883974, 40.568065], [-73.883791, 40.568124], [-73.884023, 40.568503], [-73.883781, 40.568127], [-73.883577, 40.56821], [-73.883692, 40.568395], [-73.883479, 40.568473], [-73.883904, 40.568906], [-73.883687, 40.568843], [-73.883369, 40.568332], [-73.88263, 40.568369], [-73.881923, 40.568731], [-73.878675, 40.56864], [-73.877606, 40.568861], [-73.875859, 40.56958], [-73.865543, 40.574642], [-73.853055, 40.581255], [-73.850444, 40.58213], [-73.848611, 40.582188], [-73.84521, 40.58158], [-73.839296, 40.581864], [-73.838972, 40.582485], [-73.838553, 40.582792], [-73.835841, 40.582879], [-73.828525, 40.584854], [-73.828037, 40.586053], [-73.824764, 40.587039], [-73.824801, 40.587155], [-73.824744, 40.587045], [-73.822937, 40.587492], [-73.82146, 40.58677], [-73.817416, 40.588917], [-73.817638, 40.589286], [-73.816742, 40.589319], [-73.815248, 40.589989], [-73.814701, 40.590611], [-73.814058, 40.590624], [-73.81341, 40.590918], [-73.813257, 40.591046], [-73.813589, 40.591698], [-73.813235, 40.591071], [-73.81313, 40.591247], [-73.812243, 40.591326], [-73.811703, 40.591594], [-73.811513, 40.591783], [-73.811494, 40.592901], [-73.811326, 40.591746], [-73.811008, 40.591768], [-73.810818, 40.59209], [-73.81095, 40.592503], [-73.811386, 40.592442], [-73.811408, 40.592871], [-73.811073, 40.593022], [-73.811374, 40.592861], [-73.811373, 40.592703], [-73.81075, 40.592792], [-73.811373, 40.592684], [-73.811358, 40.592463], [-73.81094, 40.592547], [-73.810805, 40.592092], [-73.809911, 40.592254], [-73.810062, 40.593078], [-73.809903, 40.593081], [-73.809778, 40.592399], [-73.809731, 40.592404], [-73.809807, 40.59271], [-73.80971, 40.59244], [-73.809506, 40.592775], [-73.809701, 40.593534], [-73.809592, 40.593581], [-73.806875, 40.592265], [-73.806028, 40.592009], [-73.805724, 40.59076], [-73.805822, 40.591865], [-73.804349, 40.591311], [-73.804166, 40.591855], [-73.807819, 40.593365], [-73.808047, 40.59365], [-73.807811, 40.593907], [-73.807976, 40.594164], [-73.807113, 40.595284], [-73.806041, 40.595555], [-73.804853, 40.595056], [-73.804103, 40.594305], [-73.80401, 40.593727], [-73.804126, 40.593514], [-73.803809, 40.592891], [-73.803617, 40.592941], [-73.803032, 40.592577], [-73.802438, 40.59264], [-73.80251, 40.593948], [-73.803135, 40.593758], [-73.803181, 40.593945], [-73.802513, 40.593967], [-73.802568, 40.594272], [-73.803243, 40.594087], [-73.803288, 40.594282], [-73.80324, 40.594204], [-73.802604, 40.594288], [-73.80271, 40.594306], [-73.802345, 40.594496], [-73.803186, 40.594663], [-73.80344, 40.594434], [-73.803197, 40.594678], [-73.803378, 40.594869], [-73.803655, 40.594731], [-73.803725, 40.594817], [-73.803652, 40.594753], [-73.803385, 40.594885], [-73.8032, 40.594873], [-73.803385, 40.59495], [-73.803207, 40.59501], [-73.803391, 40.595007], [-73.803215, 40.595146], [-73.803895, 40.594991], [-73.803314, 40.595177], [-73.803685, 40.595198], [-73.804865, 40.596734], [-73.805094, 40.596767], [-73.805134, 40.596608], [-73.805248, 40.596895], [-73.805192, 40.59719], [-73.805163, 40.596758], [-73.805137, 40.596822], [-73.804876, 40.596749], [-73.805112, 40.597151], [-73.804711, 40.597675], [-73.803933, 40.597943], [-73.802979, 40.598844], [-73.801671, 40.598896], [-73.800949, 40.599152], [-73.800915, 40.599391], [-73.800777, 40.599162], [-73.800495, 40.599204], [-73.800474, 40.599332], [-73.800451, 40.599183], [-73.79916, 40.599258], [-73.799143, 40.599419], [-73.79914, 40.599258], [-73.798431, 40.599174], [-73.795546, 40.599497], [-73.794574, 40.599419], [-73.793876, 40.599599], [-73.793319, 40.599966], [-73.792333, 40.599954], [-73.790274, 40.601228], [-73.787858, 40.603111], [-73.786353, 40.603195], [-73.786179, 40.603032], [-73.787165, 40.602323], [-73.78793, 40.600995], [-73.789535, 40.599972], [-73.79034, 40.599192], [-73.790432, 40.598649], [-73.791071, 40.597198], [-73.790931, 40.595961], [-73.791036, 40.595522], [-73.790863, 40.595013], [-73.79042, 40.594753], [-73.79057, 40.594952], [-73.790806, 40.596093], [-73.790594, 40.596108], [-73.790539, 40.594981], [-73.790319, 40.594862], [-73.790379, 40.594752], [-73.790153, 40.594768], [-73.790316, 40.596048], [-73.790425, 40.596054], [-73.790178, 40.596071], [-73.790282, 40.596051], [-73.790131, 40.594823], [-73.789755, 40.594737], [-73.789874, 40.596204], [-73.789999, 40.596209], [-73.789699, 40.596228], [-73.789841, 40.596207], [-73.789674, 40.59486], [-73.789402, 40.59495], [-73.789113, 40.595475], [-73.789269, 40.596454], [-73.789068, 40.59802], [-73.787102, 40.599443], [-73.786624, 40.600019], [-73.785971, 40.600316], [-73.785794, 40.600569], [-73.786144, 40.600649], [-73.78578, 40.600593], [-73.785642, 40.600797], [-73.785984, 40.600918], [-73.785633, 40.600816], [-73.785394, 40.601518], [-73.784482, 40.6018], [-73.783506, 40.602563], [-73.783128, 40.603761], [-73.783465, 40.604027], [-73.783948, 40.604824], [-73.783667, 40.605324], [-73.780408, 40.608426], [-73.779401, 40.609226], [-73.778568, 40.609644], [-73.777279, 40.609849], [-73.776265, 40.609649], [-73.775352, 40.609737], [-73.774222, 40.608893], [-73.774223, 40.608601], [-73.774814, 40.6084], [-73.774217, 40.607637], [-73.774325, 40.607457], [-73.774603, 40.607418], [-73.774849, 40.608025], [-73.77526, 40.608578], [-73.776008, 40.609191], [-73.774946, 40.608065], [-73.77459, 40.607298], [-73.774584, 40.606526], [-73.775187, 40.6045], [-73.774688, 40.604325], [-73.774914, 40.604113], [-73.775376, 40.604157], [-73.775881, 40.603472], [-73.776054, 40.602753], [-73.775589, 40.60304], [-73.775688, 40.602815], [-73.776058, 40.602513], [-73.776433, 40.602489], [-73.776625, 40.602208], [-73.776499, 40.602162], [-73.777803, 40.600967], [-73.778083, 40.6008], [-73.778369, 40.600839], [-73.778076, 40.600701], [-73.778158, 40.600402], [-73.780109, 40.600727], [-73.780811, 40.599948], [-73.781907, 40.599114], [-73.781936, 40.598531], [-73.781359, 40.597969], [-73.78133, 40.597753], [-73.780183, 40.597213], [-73.780055, 40.596861], [-73.779718, 40.597353], [-73.779044, 40.597649], [-73.777422, 40.598812], [-73.777199, 40.599577], [-73.776002, 40.601394], [-73.7756, 40.601648], [-73.774972, 40.601744], [-73.774742, 40.600963], [-73.774481, 40.600988], [-73.774747, 40.60095], [-73.77464, 40.600838], [-73.774743, 40.600744], [-73.77412, 40.599881], [-73.774223, 40.599004], [-73.773744, 40.59867], [-73.773585, 40.59812], [-73.773006, 40.597867], [-73.771676, 40.597985], [-73.771109, 40.598308], [-73.770373, 40.598092], [-73.769477, 40.598258], [-73.768123, 40.597824], [-73.767936, 40.59814], [-73.768265, 40.598332], [-73.769701, 40.59864], [-73.770336, 40.598984], [-73.770931, 40.598858], [-73.771161, 40.599422], [-73.77112, 40.600502], [-73.770737, 40.601536], [-73.770839, 40.601811], [-73.770744, 40.601945], [-73.770618, 40.601869], [-73.770186, 40.602749], [-73.7704, 40.602944], [-73.770162, 40.603091], [-73.770468, 40.603919], [-73.770565, 40.60484], [-73.770009, 40.605337], [-73.770063, 40.605656], [-73.769836, 40.606278], [-73.770015, 40.607216], [-73.769772, 40.607538], [-73.769775, 40.607933], [-73.769219, 40.60845], [-73.76894, 40.609131], [-73.769001, 40.609392], [-73.76918, 40.609701], [-73.769818, 40.610088], [-73.771251, 40.61039], [-73.771847, 40.610824], [-73.772214, 40.611498], [-73.773404, 40.61109], [-73.772963, 40.610153], [-73.773768, 40.611256], [-73.773938, 40.61212], [-73.774172, 40.611831], [-73.773837, 40.612908], [-73.773386, 40.613675], [-73.772968, 40.613559], [-73.771742, 40.613961], [-73.769331, 40.613975], [-73.768337, 40.614229], [-73.766691, 40.614255]]], [[[-73.766708, 40.614911], [-73.768253, 40.614878], [-73.773977, 40.616004], [-73.768735, 40.620901], [-73.767459, 40.620511], [-73.766708, 40.614911]]], [[[-73.797835, 40.627409], [-73.797838, 40.627013], [-73.797449, 40.62711], [-73.795663, 40.626114], [-73.799215, 40.624085], [-73.796983, 40.624865], [-73.794037, 40.625635], [-73.793629, 40.625156], [-73.798091, 40.623063], [-73.799511, 40.621176], [-73.799921, 40.618575], [-73.801725, 40.619967], [-73.800963, 40.617772], [-73.80128, 40.61588], [-73.802703, 40.613581], [-73.803398, 40.613172], [-73.805089, 40.613433], [-73.80467, 40.614302], [-73.804766, 40.615801], [-73.805753, 40.616695], [-73.805659, 40.6176], [-73.807641, 40.6212], [-73.807283, 40.621666], [-73.807689, 40.622278], [-73.806985, 40.623872], [-73.805571, 40.624969], [-73.805162, 40.624656], [-73.802713, 40.625935], [-73.802516, 40.626329], [-73.800112, 40.626927], [-73.800928, 40.627524], [-73.797835, 40.627409]]], [[[-73.813072, 40.629261], [-73.813525, 40.627306], [-73.812586, 40.628372], [-73.811294, 40.624704], [-73.811356, 40.622938], [-73.811852, 40.622098], [-73.8121, 40.621101], [-73.811715, 40.620704], [-73.811719, 40.620094], [-73.811505, 40.619797], [-73.811095, 40.61791], [-73.810241, 40.616488], [-73.8109, 40.616218], [-73.812007, 40.617179], [-73.812113, 40.617926], [-73.812882, 40.618911], [-73.813704, 40.621387], [-73.814495, 40.622395], [-73.814183, 40.623695], [-73.815182, 40.624744], [-73.816127, 40.625349], [-73.816791, 40.626349], [-73.813833, 40.625926], [-73.813829, 40.626135], [-73.81627, 40.627146], [-73.817209, 40.629106], [-73.817306, 40.630622], [-73.816372, 40.631373], [-73.815068, 40.631164], [-73.813917, 40.630776], [-73.813072, 40.629261]]], [[[-73.823376, 40.638988], [-73.822771, 40.635577], [-73.822099, 40.634072], [-73.821846, 40.63204], [-73.821075, 40.629734], [-73.81991, 40.627841], [-73.817964, 40.627106], [-73.818008, 40.626476], [-73.817698, 40.625962], [-73.816115, 40.624605], [-73.816086, 40.624315], [-73.81673, 40.623872], [-73.817953, 40.624093], [-73.818917, 40.62309], [-73.818894, 40.622629], [-73.818253, 40.622094], [-73.817786, 40.621938], [-73.817787, 40.621626], [-73.81697, 40.621492], [-73.816911, 40.62187], [-73.816531, 40.622003], [-73.815715, 40.62149], [-73.815432, 40.620117], [-73.817181, 40.619267], [-73.817444, 40.618912], [-73.817446, 40.618111], [-73.817774, 40.617501], [-73.817517, 40.616396], [-73.817168, 40.615843], [-73.817119, 40.615282], [-73.816527, 40.614947], [-73.816584, 40.614606], [-73.816432, 40.614282], [-73.814718, 40.614496], [-73.81444, 40.614749], [-73.814081, 40.614558], [-73.814164, 40.614291], [-73.814683, 40.613975], [-73.814867, 40.614011], [-73.814857, 40.614299], [-73.815495, 40.61404], [-73.814796, 40.613194], [-73.815036, 40.612976], [-73.81524, 40.612984], [-73.815469, 40.613343], [-73.816156, 40.612942], [-73.815599, 40.610673], [-73.815404, 40.610385], [-73.814503, 40.611058], [-73.814499, 40.610735], [-73.814968, 40.610421], [-73.815206, 40.609897], [-73.814771, 40.608851], [-73.814763, 40.608464], [-73.815061, 40.607317], [-73.815742, 40.606465], [-73.815461, 40.606428], [-73.815528, 40.606163], [-73.815525, 40.606407], [-73.81596, 40.606262], [-73.815888, 40.605929], [-73.816425, 40.605224], [-73.817392, 40.605158], [-73.817254, 40.60394], [-73.81772, 40.602225], [-73.818311, 40.60134], [-73.818491, 40.59939], [-73.819281, 40.59753], [-73.819736, 40.597517], [-73.820425, 40.596486], [-73.820446, 40.595748], [-73.820658, 40.595271], [-73.821201, 40.59478], [-73.821358, 40.594691], [-73.824803, 40.595083], [-73.8259, 40.594861], [-73.829136, 40.594807], [-73.830482, 40.594586], [-73.832412, 40.594618], [-73.834656, 40.595168], [-73.834847, 40.595543], [-73.834201, 40.596657], [-73.833517, 40.596983], [-73.833361, 40.597236], [-73.832151, 40.59768], [-73.832394, 40.597803], [-73.831541, 40.597951], [-73.830629, 40.597433], [-73.830389, 40.597734], [-73.829483, 40.598134], [-73.829098, 40.597763], [-73.828062, 40.59768], [-73.827847, 40.598], [-73.827221, 40.598331], [-73.827103, 40.598689], [-73.826895, 40.598705], [-73.82598, 40.599472], [-73.825849, 40.59944], [-73.825889, 40.599055], [-73.825568, 40.598548], [-73.825015, 40.598188], [-73.824654, 40.598149], [-73.824317, 40.598313], [-73.823959, 40.598877], [-73.824523, 40.598951], [-73.824743, 40.598399], [-73.824771, 40.598392], [-73.824526, 40.599129], [-73.82439, 40.599098], [-73.824517, 40.598966], [-73.82407, 40.598922], [-73.824219, 40.599074], [-73.824166, 40.599299], [-73.823766, 40.60004], [-73.823117, 40.600079], [-73.823032, 40.599931], [-73.82304, 40.600068], [-73.822928, 40.600061], [-73.823004, 40.599926], [-73.821944, 40.599801], [-73.821469, 40.599994], [-73.822344, 40.600226], [-73.824436, 40.600345], [-73.824452, 40.600797], [-73.823989, 40.601002], [-73.823511, 40.601546], [-73.823578, 40.602272], [-73.823049, 40.602345], [-73.822945, 40.602583], [-73.822766, 40.604203], [-73.822903, 40.604687], [-73.822467, 40.605525], [-73.822905, 40.605851], [-73.82236, 40.606469], [-73.822114, 40.606472], [-73.821265, 40.607003], [-73.820905, 40.607781], [-73.820032, 40.608924], [-73.819982, 40.60956], [-73.819618, 40.610479], [-73.820519, 40.61195], [-73.820434, 40.612067], [-73.820878, 40.612257], [-73.821284, 40.611097], [-73.821062, 40.610764], [-73.820627, 40.61053], [-73.820487, 40.610224], [-73.820859, 40.609231], [-73.821146, 40.609062], [-73.821383, 40.608546], [-73.821615, 40.60848], [-73.821825, 40.608964], [-73.821668, 40.609232], [-73.821862, 40.609869], [-73.822331, 40.610288], [-73.822892, 40.610337], [-73.823347, 40.611155], [-73.823825, 40.611499], [-73.824244, 40.612509], [-73.824387, 40.612549], [-73.824448, 40.612341], [-73.824675, 40.61242], [-73.824686, 40.613076], [-73.825207, 40.613495], [-73.825558, 40.614132], [-73.825936, 40.614163], [-73.826354, 40.613786], [-73.827256, 40.613379], [-73.827582, 40.613668], [-73.827875, 40.613698], [-73.827242, 40.614065], [-73.827502, 40.614205], [-73.828455, 40.614216], [-73.83092, 40.615005], [-73.83203, 40.614898], [-73.834019, 40.614381], [-73.833422, 40.626782], [-73.833041, 40.628261], [-73.832865, 40.628408], [-73.832895, 40.628903], [-73.83236, 40.629142], [-73.831961, 40.629653], [-73.831711, 40.631261], [-73.831143, 40.632655], [-73.831331, 40.633618], [-73.831939, 40.634236], [-73.831958, 40.634979], [-73.832491, 40.635579], [-73.833406, 40.638501], [-73.8329, 40.638863], [-73.832217, 40.638928], [-73.828668, 40.636615], [-73.828086, 40.63588], [-73.825917, 40.635747], [-73.825051, 40.635905], [-73.82443, 40.636217], [-73.824136, 40.638788], [-73.824574, 40.639354], [-73.824193, 40.639954], [-73.823376, 40.638988]]], [[[-73.85898, 40.652675], [-73.857319, 40.651237], [-73.856959, 40.650587], [-73.85898, 40.652675]]], [[[-73.85898, 40.652675], [-73.859755, 40.654104], [-73.85941, 40.653865], [-73.859445, 40.653638], [-73.859045, 40.653108], [-73.85898, 40.652675]]], [[[-73.859755, 40.654104], [-73.860483, 40.654659], [-73.860989, 40.65521], [-73.860455, 40.655067], [-73.859792, 40.654476], [-73.859755, 40.654104]]], [[[-73.830327, 40.655133], [-73.830412, 40.655216], [-73.830266, 40.655429], [-73.829889, 40.655523], [-73.830327, 40.655133]]], [[[-73.872809, 40.785903], [-73.872828, 40.785954], [-73.872774, 40.785942], [-73.872809, 40.785903]]], [[[-73.820499, 40.801011], [-73.820405, 40.80064], [-73.819815, 40.800992], [-73.817404, 40.799299], [-73.816516, 40.799025], [-73.816011, 40.798525], [-73.813679, 40.797546], [-73.8137, 40.797079], [-73.813421, 40.797693], [-73.813494, 40.797058], [-73.81316, 40.797198], [-73.813053, 40.797455], [-73.812934, 40.797426], [-73.813043, 40.797178], [-73.812884, 40.797167], [-73.812548, 40.798047], [-73.812254, 40.798127], [-73.811778, 40.798025], [-73.811609, 40.797372], [-73.806363, 40.796394], [-73.806231, 40.796817], [-73.806331, 40.796393], [-73.805876, 40.796473], [-73.805396, 40.796171], [-73.80535, 40.796318], [-73.805339, 40.796164], [-73.804672, 40.796167], [-73.804634, 40.796438], [-73.804649, 40.796159], [-73.804348, 40.796214], [-73.804274, 40.796641], [-73.804311, 40.796213], [-73.804165, 40.796229], [-73.804122, 40.796529], [-73.804136, 40.796234], [-73.803958, 40.796557], [-73.803974, 40.796278], [-73.803817, 40.79663], [-73.803823, 40.796335], [-73.803643, 40.796406], [-73.803613, 40.796684], [-73.803613, 40.796421], [-73.80335, 40.796713], [-73.803, 40.796709], [-73.802949, 40.796405], [-73.80226, 40.796262], [-73.801779, 40.796316], [-73.801745, 40.796512], [-73.801756, 40.796321], [-73.801011, 40.796522], [-73.800878, 40.796338], [-73.800622, 40.796427], [-73.800257, 40.79626], [-73.800121, 40.796631], [-73.800182, 40.796267], [-73.799694, 40.796173], [-73.799605, 40.796332], [-73.798093, 40.795601], [-73.797898, 40.795559], [-73.79767, 40.795994], [-73.797583, 40.795967], [-73.79787, 40.795552], [-73.797241, 40.795453], [-73.797114, 40.7953], [-73.796736, 40.795209], [-73.79641, 40.795729], [-73.796706, 40.795198], [-73.795808, 40.794988], [-73.795085, 40.795066], [-73.795009, 40.794924], [-73.794431, 40.794813], [-73.794583, 40.794763], [-73.79438, 40.794177], [-73.794609, 40.793913], [-73.794951, 40.791774], [-73.793751, 40.789062], [-73.79338, 40.789578], [-73.793239, 40.78953], [-73.79362, 40.788997], [-73.792807, 40.788783], [-73.792353, 40.788907], [-73.790282, 40.790317], [-73.785681, 40.790341], [-73.783838, 40.790641], [-73.782531, 40.791277], [-73.784342, 40.791749], [-73.782273, 40.791374], [-73.781747, 40.791133], [-73.781078, 40.791677], [-73.780775, 40.792991], [-73.780839, 40.793277], [-73.781589, 40.793464], [-73.781639, 40.79331], [-73.78166, 40.793482], [-73.780724, 40.793334], [-73.780792, 40.794036], [-73.781005, 40.794385], [-73.781904, 40.794901], [-73.78311, 40.794914], [-73.783318, 40.794758], [-73.783259, 40.794924], [-73.782003, 40.794975], [-73.781542, 40.79566], [-73.779803, 40.796206], [-73.779362, 40.796685], [-73.778715, 40.796597], [-73.778067, 40.796739], [-73.776871, 40.796445], [-73.776126, 40.796061], [-73.774314, 40.794425], [-73.774014, 40.79403], [-73.773632, 40.79275], [-73.772326, 40.791481], [-73.772103, 40.79013], [-73.770631, 40.788463], [-73.770823, 40.787983], [-73.771902, 40.787387], [-73.774268, 40.786757], [-73.77439, 40.786857], [-73.77423, 40.787065], [-73.775019, 40.787394], [-73.776337, 40.788487], [-73.774807, 40.786971], [-73.774265, 40.786651], [-73.774076, 40.785917], [-73.771607, 40.782996], [-73.769304, 40.780782], [-73.768338, 40.779635], [-73.768159, 40.779636], [-73.768201, 40.779444], [-73.767162, 40.779783], [-73.767024, 40.780086], [-73.76689, 40.779779], [-73.766776, 40.779812], [-73.768162, 40.779397], [-73.767091, 40.776845], [-73.765104, 40.773799], [-73.764176, 40.77283], [-73.761263, 40.770396], [-73.759601, 40.768723], [-73.758935, 40.768334], [-73.758643, 40.767357], [-73.75787, 40.766946], [-73.75739, 40.767167], [-73.756411, 40.766514], [-73.756508, 40.766347], [-73.756022, 40.766464], [-73.754937, 40.766093], [-73.754101, 40.765349], [-73.75377, 40.765305], [-73.753804, 40.765068], [-73.75341, 40.764693], [-73.752193, 40.76383], [-73.751074, 40.761764], [-73.748612, 40.760928], [-73.747535, 40.759857], [-73.74656, 40.759339], [-73.746289, 40.759059], [-73.746425, 40.75821], [-73.746277, 40.757797], [-73.746103, 40.757679], [-73.74576, 40.757837], [-73.744636, 40.756891], [-73.744657, 40.756558], [-73.744576, 40.756907], [-73.744866, 40.757204], [-73.74576, 40.757914], [-73.746047, 40.75781], [-73.746312, 40.758055], [-73.746062, 40.758762], [-73.746162, 40.759025], [-73.746554, 40.75945], [-73.747494, 40.759977], [-73.748159, 40.760726], [-73.748375, 40.761559], [-73.749362, 40.761845], [-73.749174, 40.761378], [-73.75004, 40.761576], [-73.75057, 40.761915], [-73.75142, 40.762762], [-73.751695, 40.763652], [-73.752511, 40.764527], [-73.753046, 40.764817], [-73.755072, 40.767533], [-73.754861, 40.768401], [-73.754394, 40.768755], [-73.754714, 40.768795], [-73.754706, 40.769742], [-73.755333, 40.770998], [-73.755535, 40.770986], [-73.755342, 40.771022], [-73.755573, 40.771529], [-73.755083, 40.771713], [-73.755115, 40.771835], [-73.755059, 40.771719], [-73.754381, 40.772041], [-73.75357, 40.772695], [-73.753367, 40.773208], [-73.753956, 40.774306], [-73.754241, 40.775267], [-73.755186, 40.776498], [-73.754858, 40.776896], [-73.754982, 40.777044], [-73.754813, 40.777619], [-73.755518, 40.777584], [-73.755517, 40.777704], [-73.754812, 40.777636], [-73.754558, 40.777777], [-73.754485, 40.777904], [-73.75465, 40.777992], [-73.754302, 40.778406], [-73.75413, 40.779384], [-73.753008, 40.780866], [-73.752998, 40.781289], [-73.750806, 40.782893], [-73.744123, 40.778639], [-73.74008, 40.776209], [-73.739376, 40.776014], [-73.739124, 40.775704], [-73.737703, 40.774794], [-73.728707, 40.769461], [-73.72356, 40.766129], [-73.723059, 40.766144], [-73.722484, 40.765527], [-73.721143, 40.764873], [-73.716576, 40.761782], [-73.707825, 40.756216], [-73.702735, 40.753251], [-73.701633, 40.752493], [-73.701347, 40.750781], [-73.700582, 40.743184], [-73.70002, 40.739237], [-73.701471, 40.737512], [-73.707662, 40.727831], [-73.7105, 40.727227], [-73.71588, 40.726542], [-73.718287, 40.726041], [-73.725672, 40.724038], [-73.729144, 40.722763], [-73.730326, 40.722157], [-73.729176, 40.719167], [-73.72736, 40.712389], [-73.726895, 40.709979], [-73.727047, 40.709499], [-73.726783, 40.701987], [-73.726544, 40.698983], [-73.726203, 40.688984], [-73.725798, 40.684354], [-73.725907, 40.682657], [-73.72563, 40.679588], [-73.726198, 40.677381], [-73.727556, 40.674162], [-73.727994, 40.669427], [-73.728264, 40.668073], [-73.728273, 40.66643], [-73.727875, 40.664695], [-73.727814, 40.663224], [-73.728331, 40.663044], [-73.727931, 40.661749], [-73.726444, 40.659162], [-73.725927, 40.657731], [-73.725553, 40.65504], [-73.725056, 40.653508], [-73.725226, 40.652001], [-73.730515, 40.65031], [-73.735135, 40.649732], [-73.739045, 40.648201], [-73.741437, 40.646889], [-73.741661, 40.642198], [-73.742051, 40.641474], [-73.741423, 40.640503], [-73.742274, 40.640123], [-73.741259, 40.638897], [-73.739471, 40.635706], [-73.73996, 40.635144], [-73.740014, 40.635346], [-73.740773, 40.635163], [-73.740532, 40.635204], [-73.74042, 40.635144], [-73.741649, 40.635054], [-73.741679, 40.634956], [-73.741442, 40.634964], [-73.741709, 40.634926], [-73.742466, 40.635119], [-73.742552, 40.635292], [-73.742391, 40.63563], [-73.742585, 40.635453], [-73.742436, 40.635713], [-73.742313, 40.635688], [-73.740965, 40.637305], [-73.741304, 40.637899], [-73.74189, 40.638122], [-73.74273, 40.63827], [-73.743971, 40.63788], [-73.744038, 40.637986], [-73.743522, 40.638889], [-73.743734, 40.639022], [-73.744796, 40.637075], [-73.744713, 40.637307], [-73.745195, 40.637192], [-73.746292, 40.636437], [-73.746791, 40.636778], [-73.746454, 40.63726], [-73.745271, 40.637916], [-73.745162, 40.638112], [-73.745328, 40.638372], [-73.745673, 40.638125], [-73.745511, 40.637944], [-73.74644, 40.63743], [-73.747023, 40.636909], [-73.747, 40.637127], [-73.747154, 40.637126], [-73.746994, 40.637151], [-73.747043, 40.637566], [-73.746919, 40.637581], [-73.746777, 40.637846], [-73.746867, 40.638036], [-73.746597, 40.638355], [-73.746541, 40.638697], [-73.746669, 40.638706], [-73.746529, 40.638727], [-73.746324, 40.639328], [-73.746347, 40.63988], [-73.746171, 40.640397], [-73.746355, 40.640679], [-73.746315, 40.641394], [-73.747292, 40.643187], [-73.748136, 40.64407], [-73.748751, 40.644471], [-73.748693, 40.644904], [-73.74885, 40.645169], [-73.749453, 40.644931], [-73.751713, 40.646501], [-73.753271, 40.647334], [-73.753404, 40.647162], [-73.753233, 40.647052], [-73.753542, 40.647196], [-73.753292, 40.647343], [-73.75389, 40.647543], [-73.754278, 40.647886], [-73.754756, 40.647812], [-73.754928, 40.647573], [-73.754612, 40.6472], [-73.753793, 40.646706], [-73.753738, 40.64696], [-73.753402, 40.646807], [-73.753611, 40.646856], [-73.753761, 40.646686], [-73.75057, 40.644729], [-73.748707, 40.643343], [-73.747421, 40.641414], [-73.747544, 40.641132], [-73.747434, 40.640239], [-73.747529, 40.639324], [-73.748125, 40.636873], [-73.748398, 40.636654], [-73.748555, 40.635412], [-73.749354, 40.634947], [-73.750696, 40.634628], [-73.752438, 40.633677], [-73.753484, 40.633514], [-73.754791, 40.632882], [-73.755461, 40.632774], [-73.75568, 40.632585], [-73.757388, 40.632108], [-73.757736, 40.631824], [-73.75901, 40.631489], [-73.760532, 40.630663], [-73.762194, 40.630259], [-73.763088, 40.629659], [-73.76453, 40.629221], [-73.765015, 40.629408], [-73.764743, 40.629168], [-73.766399, 40.62835], [-73.767, 40.627528], [-73.767777, 40.625918], [-73.768277, 40.625335], [-73.768782, 40.624323], [-73.768843, 40.623939], [-73.768553, 40.623189], [-73.768694, 40.622666], [-73.769447, 40.622015], [-73.769524, 40.622115], [-73.769803, 40.621587], [-73.769756, 40.621107], [-73.770085, 40.620913], [-73.770462, 40.620198], [-73.77077, 40.620031], [-73.771098, 40.620005], [-73.771604, 40.620343], [-73.771717, 40.620962], [-73.770915, 40.622404], [-73.770821, 40.623283], [-73.771439, 40.623285], [-73.771728, 40.623585], [-73.771699, 40.623439], [-73.771802, 40.623488], [-73.771973, 40.623272], [-73.771881, 40.623204], [-73.772145, 40.623046], [-73.772031, 40.622991], [-73.772188, 40.622996], [-73.775119, 40.619234], [-73.77518, 40.619265], [-73.77221, 40.623005], [-73.772363, 40.623147], [-73.772169, 40.623056], [-73.772005, 40.623262], [-73.77217, 40.62336], [-73.771997, 40.623282], [-73.771819, 40.623499], [-73.771988, 40.623598], [-73.771739, 40.623606], [-73.773235, 40.624994], [-73.773486, 40.625085], [-73.773833, 40.624945], [-73.773495, 40.625143], [-73.77436, 40.626105], [-73.776193, 40.627432], [-73.777695, 40.627695], [-73.77924, 40.627317], [-73.780636, 40.625992], [-73.784195, 40.620893], [-73.784932, 40.620469], [-73.785215, 40.620063], [-73.785078, 40.619967], [-73.785159, 40.618647], [-73.784781, 40.618336], [-73.784785, 40.617981], [-73.784519, 40.617983], [-73.784582, 40.617855], [-73.784356, 40.617764], [-73.784453, 40.617557], [-73.784299, 40.617353], [-73.784461, 40.617028], [-73.783226, 40.615579], [-73.78249, 40.615568], [-73.78231, 40.615447], [-73.782295, 40.615168], [-73.781891, 40.615047], [-73.781717, 40.615177], [-73.780794, 40.614588], [-73.780709, 40.614027], [-73.781149, 40.613998], [-73.780906, 40.613604], [-73.78116, 40.613602], [-73.781261, 40.613318], [-73.782616, 40.612498], [-73.782879, 40.612489], [-73.783025, 40.6122], [-73.783552, 40.611924], [-73.783944, 40.61204], [-73.784474, 40.61185], [-73.784641, 40.61202], [-73.784975, 40.61193], [-73.785224, 40.611416], [-73.785778, 40.610993], [-73.786218, 40.610911], [-73.78647, 40.610679], [-73.786845, 40.610795], [-73.787199, 40.610656], [-73.7872, 40.610382], [-73.787415, 40.610262], [-73.787707, 40.610365], [-73.787913, 40.610285], [-73.787859, 40.610194], [-73.788659, 40.610091], [-73.78876, 40.609638], [-73.789082, 40.609553], [-73.789018, 40.609222], [-73.789954, 40.608982], [-73.790112, 40.608859], [-73.790013, 40.608685], [-73.790473, 40.608456], [-73.79038, 40.608245], [-73.790856, 40.608048], [-73.790877, 40.607696], [-73.791339, 40.607738], [-73.791397, 40.607611], [-73.791599, 40.60781], [-73.791511, 40.608155], [-73.791158, 40.608252], [-73.791173, 40.608475], [-73.791474, 40.608703], [-73.792749, 40.608646], [-73.793651, 40.608986], [-73.793949, 40.609256], [-73.793897, 40.609469], [-73.794542, 40.609749], [-73.794467, 40.609851], [-73.794806, 40.610378], [-73.79566, 40.610546], [-73.796966, 40.611144], [-73.797367, 40.611154], [-73.797457, 40.611318], [-73.798379, 40.611312], [-73.798526, 40.611516], [-73.798985, 40.611482], [-73.799173, 40.612026], [-73.800257, 40.611597], [-73.80054, 40.611652], [-73.800801, 40.611934], [-73.800239, 40.612082], [-73.799991, 40.612574], [-73.80009, 40.612728], [-73.799934, 40.613144], [-73.799317, 40.613358], [-73.799685, 40.613777], [-73.799518, 40.613907], [-73.799402, 40.614903], [-73.799003, 40.615363], [-73.799039, 40.615551], [-73.798787, 40.615545], [-73.798545, 40.61589], [-73.798163, 40.615716], [-73.798066, 40.615926], [-73.798211, 40.61606], [-73.798061, 40.616327], [-73.797276, 40.61666], [-73.797433, 40.616919], [-73.79741, 40.617147], [-73.797133, 40.617381], [-73.797243, 40.617594], [-73.796783, 40.617705], [-73.797005, 40.61838], [-73.796356, 40.618455], [-73.796188, 40.61961], [-73.795595, 40.620211], [-73.795551, 40.620922], [-73.795026, 40.62129], [-73.795238, 40.621657], [-73.794819, 40.621891], [-73.79444, 40.621852], [-73.794435, 40.622062], [-73.794697, 40.622261], [-73.794566, 40.622616], [-73.793526, 40.622771], [-73.792264, 40.622369], [-73.791428, 40.622278], [-73.789679, 40.622615], [-73.784879, 40.626631], [-73.783466, 40.628118], [-73.782843, 40.629406], [-73.782645, 40.630248], [-73.783777, 40.630634], [-73.784348, 40.631373], [-73.785703, 40.632095], [-73.786907, 40.632262], [-73.788323, 40.633425], [-73.789354, 40.63401], [-73.789497, 40.63427], [-73.789716, 40.634067], [-73.79078, 40.633849], [-73.790664, 40.634153], [-73.790793, 40.634282], [-73.798038, 40.631196], [-73.797968, 40.631101], [-73.798119, 40.631038], [-73.798276, 40.631252], [-73.798055, 40.631224], [-73.790811, 40.63431], [-73.791081, 40.634233], [-73.791309, 40.634401], [-73.791229, 40.634857], [-73.792223, 40.63589], [-73.793434, 40.636087], [-73.79426, 40.636564], [-73.794744, 40.636629], [-73.797257, 40.638008], [-73.798639, 40.638404], [-73.799237, 40.63842], [-73.801772, 40.63976], [-73.804659, 40.640905], [-73.805659, 40.641602], [-73.806702, 40.641776], [-73.808646, 40.642815], [-73.810757, 40.643492], [-73.812033, 40.644304], [-73.813507, 40.644637], [-73.816431, 40.645998], [-73.817613, 40.64614], [-73.818306, 40.646387], [-73.818954, 40.646865], [-73.820154, 40.648265], [-73.821248, 40.649139], [-73.821922, 40.650112], [-73.822627, 40.652885], [-73.823149, 40.654023], [-73.823484, 40.65537], [-73.823404, 40.65608], [-73.822337, 40.659363], [-73.821611, 40.659935], [-73.821691, 40.660035], [-73.821569, 40.659959], [-73.819701, 40.660724], [-73.819714, 40.660874], [-73.819657, 40.660742], [-73.818695, 40.661105], [-73.817644, 40.660949], [-73.817673, 40.66106], [-73.817505, 40.661048], [-73.817567, 40.660937], [-73.81646, 40.660732], [-73.815982, 40.660836], [-73.816052, 40.660712], [-73.814681, 40.660515], [-73.81457, 40.660635], [-73.814625, 40.660507], [-73.812621, 40.660157], [-73.811499, 40.660226], [-73.811295, 40.660374], [-73.811301, 40.660628], [-73.812009, 40.660882], [-73.818672, 40.662133], [-73.82295, 40.660462], [-73.823522, 40.660075], [-73.824092, 40.658431], [-73.82388, 40.658258], [-73.824086, 40.658289], [-73.824264, 40.657779], [-73.824041, 40.657756], [-73.824059, 40.657696], [-73.824268, 40.657747], [-73.824981, 40.655432], [-73.823706, 40.651107], [-73.823393, 40.649354], [-73.823181, 40.649157], [-73.822907, 40.648093], [-73.823113, 40.648003], [-73.823904, 40.648867], [-73.823927, 40.649166], [-73.824648, 40.649715], [-73.824824, 40.649682], [-73.824744, 40.649434], [-73.824998, 40.649377], [-73.825362, 40.649914], [-73.825488, 40.649892], [-73.825601, 40.649528], [-73.82586, 40.649476], [-73.826145, 40.650082], [-73.8263, 40.650023], [-73.826172, 40.649527], [-73.826439, 40.649238], [-73.826362, 40.648334], [-73.82687, 40.648799], [-73.828525, 40.649131], [-73.829869, 40.65043], [-73.830012, 40.650917], [-73.830937, 40.651626], [-73.831332, 40.652748], [-73.831292, 40.653471], [-73.831613, 40.653749], [-73.829014, 40.656108], [-73.829667, 40.655599], [-73.83015, 40.655665], [-73.830443, 40.655519], [-73.830602, 40.654807], [-73.831708, 40.653931], [-73.832054, 40.654046], [-73.832001, 40.654441], [-73.832217, 40.65446], [-73.831493, 40.65498], [-73.831161, 40.655919], [-73.830212, 40.656337], [-73.829985, 40.656583], [-73.829554, 40.656424], [-73.829376, 40.656506], [-73.829237, 40.656665], [-73.82931, 40.656932], [-73.828968, 40.657205], [-73.829179, 40.6578], [-73.83013, 40.658403], [-73.829707, 40.658503], [-73.8296, 40.658657], [-73.830162, 40.659804], [-73.830012, 40.659163], [-73.829695, 40.658656], [-73.830199, 40.658509], [-73.830244, 40.65835], [-73.829224, 40.657707], [-73.829094, 40.657334], [-73.829498, 40.656906], [-73.829503, 40.656647], [-73.830092, 40.656736], [-73.830505, 40.656342], [-73.831271, 40.656003], [-73.831553, 40.655243], [-73.831852, 40.654885], [-73.832182, 40.654895], [-73.832903, 40.657484], [-73.832782, 40.657548], [-73.832085, 40.656131], [-73.831944, 40.656171], [-73.8326, 40.657827], [-73.832015, 40.658078], [-73.830969, 40.65823], [-73.831284, 40.658407], [-73.833384, 40.658052], [-73.831112, 40.64942], [-73.831092, 40.648485], [-73.831669, 40.647972], [-73.834481, 40.648109], [-73.835403, 40.648332], [-73.835699, 40.648669], [-73.835723, 40.649378], [-73.836539, 40.652698], [-73.83755, 40.656028], [-73.838785, 40.661088], [-73.838058, 40.662006], [-73.838736, 40.662454], [-73.839979, 40.661904], [-73.839725, 40.660951], [-73.839788, 40.660486], [-73.835923, 40.6455], [-73.836331, 40.645321], [-73.840006, 40.645136], [-73.840584, 40.644863], [-73.840893, 40.644969], [-73.845996, 40.644568], [-73.849507, 40.644134], [-73.851833, 40.64586], [-73.852287, 40.646588], [-73.852417, 40.647388], [-73.851591, 40.649096], [-73.850906, 40.649168], [-73.850782, 40.649806], [-73.850581, 40.649862], [-73.850587, 40.650338], [-73.850377, 40.650274], [-73.850423, 40.650477], [-73.849257, 40.651032], [-73.849398, 40.651435], [-73.849923, 40.651658], [-73.850785, 40.651533], [-73.851491, 40.651198], [-73.851786, 40.650816], [-73.852509, 40.650551], [-73.854033, 40.65066], [-73.855492, 40.651281], [-73.855919, 40.651309], [-73.856276, 40.651655], [-73.856328, 40.652128], [-73.856713, 40.652802], [-73.857054, 40.652967], [-73.857723, 40.652726], [-73.858281, 40.652995], [-73.85852, 40.653311], [-73.858758, 40.654162], [-73.859155, 40.654402], [-73.859306, 40.654972], [-73.86084, 40.656172], [-73.861364, 40.656415], [-73.86136, 40.656594], [-73.860674, 40.656585], [-73.860617, 40.656465], [-73.860616, 40.656641], [-73.860208, 40.65701], [-73.860068, 40.65678], [-73.860056, 40.656972], [-73.859834, 40.656977], [-73.860075, 40.657049], [-73.85981, 40.657322], [-73.859939, 40.65772], [-73.859572, 40.658035], [-73.859636, 40.658458], [-73.860258, 40.65863], [-73.860232, 40.658897], [-73.860452, 40.658797], [-73.860525, 40.658489], [-73.860981, 40.658381], [-73.860858, 40.65872], [-73.86049, 40.658994], [-73.860612, 40.659327], [-73.861249, 40.658721], [-73.861273, 40.658265], [-73.860959, 40.658061], [-73.860112, 40.658327], [-73.859768, 40.658282], [-73.860214, 40.657913], [-73.860576, 40.657836], [-73.860407, 40.657761], [-73.860342, 40.657248], [-73.860624, 40.657205], [-73.860876, 40.656908], [-73.861614, 40.656997], [-73.861703, 40.658025], [-73.862698, 40.657618], [-73.863171, 40.658277], [-73.86036, 40.659646], [-73.857615, 40.660119], [-73.85843, 40.663453], [-73.855685, 40.663867], [-73.857633, 40.671656], [-73.860389, 40.671269], [-73.862346, 40.679165], [-73.863286, 40.679077], [-73.864101, 40.682373], [-73.866027, 40.681918], [-73.866598, 40.68527], [-73.867461, 40.688415], [-73.868685, 40.694035], [-73.868425, 40.694718], [-73.868917, 40.69515], [-73.874021, 40.694191], [-73.879506, 40.691147], [-73.883777, 40.687863], [-73.884523, 40.686685], [-73.888083, 40.685294], [-73.889628, 40.684236], [-73.890154, 40.685004], [-73.892523, 40.683425], [-73.894175, 40.685283], [-73.895779, 40.683497], [-73.896466, 40.682336], [-73.901162, 40.687878], [-73.900425, 40.688184], [-73.901805, 40.690766], [-73.901233, 40.691442], [-73.905796, 40.694127], [-73.90426, 40.6957], [-73.911808, 40.699938], [-73.910679, 40.701046], [-73.912904, 40.702362], [-73.911807, 40.703435], [-73.921892, 40.709396], [-73.920745, 40.71053], [-73.921546, 40.711043], [-73.921687, 40.711894], [-73.922233, 40.712854], [-73.92404, 40.714008], [-73.924059, 40.714112], [-73.923684, 40.714083], [-73.924122, 40.715138], [-73.923525, 40.715617], [-73.92233, 40.716077], [-73.920643, 40.715773], [-73.920569, 40.716004], [-73.922238, 40.716382], [-73.922794, 40.717535], [-73.923466, 40.71813], [-73.923939, 40.719043], [-73.923836, 40.720148], [-73.924227, 40.720887], [-73.924244, 40.721429], [-73.925154, 40.72232], [-73.924423, 40.72359], [-73.922143, 40.723708], [-73.920734, 40.72331], [-73.920371, 40.723681], [-73.922286, 40.724181], [-73.924192, 40.724276], [-73.924903, 40.724507], [-73.926557, 40.725669], [-73.928538, 40.727882], [-73.929235, 40.72826], [-73.931315, 40.728729], [-73.934532, 40.729105], [-73.936446, 40.729672], [-73.938045, 40.73051], [-73.939111, 40.73138], [-73.93991, 40.733276], [-73.940032, 40.733245], [-73.940165, 40.733486], [-73.940018, 40.73354], [-73.940067, 40.733762], [-73.940865, 40.73507], [-73.941625, 40.735841], [-73.943595, 40.736718], [-73.945941, 40.737505], [-73.944639, 40.738138], [-73.942579, 40.738816], [-73.942804, 40.738862], [-73.942556, 40.739021], [-73.941462, 40.739249], [-73.940509, 40.740114], [-73.940362, 40.740335], [-73.940561, 40.740418], [-73.939109, 40.742617], [-73.93867, 40.742534], [-73.938588, 40.742931], [-73.940019, 40.743208], [-73.940149, 40.742832], [-73.939653, 40.742731], [-73.941188, 40.74029], [-73.941835, 40.739693], [-73.942597, 40.739395], [-73.94279, 40.739194], [-73.942706, 40.739115], [-73.943823, 40.738872], [-73.945482, 40.738207], [-73.947151, 40.7379], [-73.951381, 40.739336], [-73.953799, 40.73982], [-73.957415, 40.739557], [-73.960068, 40.738484], [-73.960726, 40.73808], [-73.962164, 40.738272], [-73.962131, 40.738451], [-73.962608, 40.738796], [-73.962431, 40.739671], [-73.962209, 40.740006], [-73.961592, 40.740004], [-73.96145, 40.740338], [-73.96126, 40.740333], [-73.961266, 40.740537], [-73.96185, 40.740724], [-73.961909, 40.740868], [-73.961804, 40.741098], [-73.961219, 40.741108], [-73.961077, 40.741697], [-73.961365, 40.741835], [-73.961108, 40.741828], [-73.961553, 40.741993], [-73.96119, 40.742645], [-73.960972, 40.742754], [-73.96052, 40.743496], [-73.959785, 40.743498], [-73.959751, 40.743902], [-73.960649, 40.74413], [-73.959632, 40.743935], [-73.959391, 40.744283], [-73.959729, 40.744272], [-73.960155, 40.744369], [-73.960126, 40.744444], [-73.959234, 40.74431], [-73.958775, 40.744556], [-73.959464, 40.744649], [-73.958764, 40.744593], [-73.958641, 40.744948], [-73.959652, 40.745217], [-73.958494, 40.744988], [-73.958453, 40.745119], [-73.959274, 40.745329], [-73.959324, 40.745543], [-73.959059, 40.745753], [-73.958399, 40.745719], [-73.958379, 40.745953], [-73.958994, 40.746065], [-73.958671, 40.746643], [-73.956795, 40.74884], [-73.954854, 40.748041], [-73.954652, 40.748233], [-73.95432, 40.748104], [-73.954706, 40.748014], [-73.953184, 40.747735], [-73.953054, 40.748087], [-73.954784, 40.748428], [-73.95638, 40.749034], [-73.956486, 40.749112], [-73.956256, 40.749335], [-73.956135, 40.749265], [-73.95576, 40.749597], [-73.956201, 40.749686], [-73.955464, 40.749674], [-73.955349, 40.750014], [-73.955132, 40.749926], [-73.955203, 40.749677], [-73.955067, 40.749633], [-73.954516, 40.750587], [-73.95465, 40.750831], [-73.953994, 40.751786], [-73.951367, 40.754524], [-73.945705, 40.761488], [-73.943503, 40.764499], [-73.941312, 40.766918], [-73.939836, 40.767988], [-73.939366, 40.76816], [-73.938955, 40.767958], [-73.938204, 40.768728], [-73.937576, 40.768924], [-73.936815, 40.768904], [-73.936707, 40.769253], [-73.936404, 40.769475], [-73.93574, 40.769367], [-73.934895, 40.770042], [-73.934695, 40.770425], [-73.935147, 40.770542], [-73.935008, 40.771162], [-73.934905, 40.771271], [-73.934527, 40.771177], [-73.934485, 40.771307], [-73.934954, 40.771373], [-73.93448, 40.771323], [-73.934435, 40.771462], [-73.934826, 40.771577], [-73.934807, 40.771734], [-73.937466, 40.772531], [-73.937813, 40.773563], [-73.937655, 40.775086], [-73.93638, 40.776921], [-73.935082, 40.777944], [-73.933908, 40.778117], [-73.931788, 40.777871], [-73.93105, 40.777442], [-73.931074, 40.777261], [-73.930629, 40.776591], [-73.929881, 40.776222], [-73.928605, 40.776593], [-73.926318, 40.778242], [-73.924234, 40.779101], [-73.922957, 40.780441], [-73.9221, 40.780852], [-73.91909, 40.783368], [-73.918189, 40.783933], [-73.917171, 40.784193], [-73.917182, 40.784552], [-73.916833, 40.785191], [-73.915752, 40.786108], [-73.91526, 40.786192], [-73.915587, 40.78643], [-73.9126, 40.789376], [-73.91223, 40.789179], [-73.911951, 40.789402], [-73.91208, 40.789522], [-73.911774, 40.789723], [-73.911618, 40.789586], [-73.91125, 40.789744], [-73.911131, 40.790114], [-73.909859, 40.790945], [-73.90678, 40.790375], [-73.906495, 40.790181], [-73.902063, 40.789494], [-73.900326, 40.789008], [-73.89694, 40.786625], [-73.896512, 40.786069], [-73.896353, 40.786179], [-73.896503, 40.786057], [-73.896379, 40.785909], [-73.896218, 40.786016], [-73.896044, 40.7858], [-73.896243, 40.78574], [-73.89614, 40.785607], [-73.89598, 40.785712], [-73.89593, 40.785649], [-73.896126, 40.785593], [-73.895829, 40.785222], [-73.898749, 40.782781], [-73.901146, 40.782711], [-73.902178, 40.781781], [-73.902677, 40.780594], [-73.902579, 40.780289], [-73.902343, 40.780187], [-73.902183, 40.780359], [-73.902036, 40.781203], [-73.901291, 40.781858], [-73.90035, 40.782164], [-73.898654, 40.781995], [-73.894387, 40.784242], [-73.89429, 40.784121], [-73.896064, 40.783157], [-73.894774, 40.782254], [-73.895358, 40.781658], [-73.894601, 40.782253], [-73.895349, 40.781649], [-73.895285, 40.781541], [-73.894165, 40.782472], [-73.893061, 40.781848], [-73.892308, 40.782466], [-73.892749, 40.782966], [-73.891655, 40.782195], [-73.892242, 40.782411], [-73.89301, 40.781798], [-73.892279, 40.7813], [-73.892111, 40.781395], [-73.892246, 40.781255], [-73.891666, 40.780843], [-73.891592, 40.780581], [-73.892535, 40.779771], [-73.89254, 40.779552], [-73.891669, 40.779493], [-73.891196, 40.778563], [-73.892523, 40.777405], [-73.891416, 40.776339], [-73.891832, 40.77488], [-73.891444, 40.775623], [-73.891358, 40.776049], [-73.891368, 40.776343], [-73.891452, 40.776513], [-73.89112, 40.777125], [-73.890563, 40.777404], [-73.890352, 40.7778], [-73.890087, 40.777784], [-73.889471, 40.775536], [-73.889789, 40.774237], [-73.890192, 40.773647], [-73.889852, 40.773753], [-73.889455, 40.773533], [-73.885808, 40.774022], [-73.885834, 40.774109], [-73.885669, 40.774126], [-73.885712, 40.774322], [-73.885627, 40.774438], [-73.885632, 40.774097], [-73.885785, 40.774025], [-73.883916, 40.774133], [-73.884552, 40.774361], [-73.884837, 40.774953], [-73.884774, 40.775332], [-73.884287, 40.775472], [-73.885055, 40.778405], [-73.88525, 40.778613], [-73.885053, 40.778775], [-73.885084, 40.779353], [-73.884881, 40.779987], [-73.883852, 40.780264], [-73.882905, 40.780349], [-73.882744, 40.780223], [-73.881391, 40.780602], [-73.879735, 40.780655], [-73.879586, 40.780698], [-73.879607, 40.78085], [-73.879358, 40.780657], [-73.879205, 40.780767], [-73.878706, 40.780586], [-73.879051, 40.781731], [-73.879309, 40.781854], [-73.878858, 40.782398], [-73.879748, 40.782837], [-73.879702, 40.782883], [-73.878831, 40.782431], [-73.878339, 40.783026], [-73.875158, 40.781509], [-73.874845, 40.781685], [-73.871249, 40.786038], [-73.869781, 40.785338], [-73.868099, 40.787459], [-73.867884, 40.787361], [-73.86813, 40.787233], [-73.86987, 40.785086], [-73.869438, 40.783638], [-73.868607, 40.7838], [-73.868495, 40.783663], [-73.869423, 40.783591], [-73.87048, 40.782306], [-73.871463, 40.782126], [-73.872557, 40.780821], [-73.864711, 40.776733], [-73.855051, 40.772195], [-73.855086, 40.771831], [-73.856458, 40.770321], [-73.857381, 40.770571], [-73.85753, 40.770386], [-73.858205, 40.770323], [-73.856213, 40.769196], [-73.856246, 40.768886], [-73.857048, 40.76914], [-73.857678, 40.768276], [-73.858053, 40.768091], [-73.858774, 40.76735], [-73.859375, 40.767075], [-73.860855, 40.766932], [-73.861103, 40.767272], [-73.861314, 40.766941], [-73.862266, 40.766803], [-73.862602, 40.766894], [-73.862755, 40.766765], [-73.862158, 40.766192], [-73.859491, 40.762563], [-73.858921, 40.762406], [-73.858923, 40.762122], [-73.858645, 40.762514], [-73.858844, 40.762059], [-73.858619, 40.761936], [-73.857655, 40.76308], [-73.858415, 40.763453], [-73.858501, 40.763376], [-73.858343, 40.763563], [-73.858395, 40.763477], [-73.857639, 40.763099], [-73.856839, 40.764], [-73.856964, 40.764074], [-73.856675, 40.76393], [-73.856803, 40.763981], [-73.857583, 40.763073], [-73.85669, 40.762636], [-73.856587, 40.762723], [-73.856782, 40.762508], [-73.856712, 40.762616], [-73.857604, 40.763053], [-73.858176, 40.762396], [-73.856612, 40.76165], [-73.858194, 40.762374], [-73.858585, 40.761917], [-73.857477, 40.761309], [-73.856273, 40.760902], [-73.855376, 40.760669], [-73.855223, 40.760817], [-73.855335, 40.760658], [-73.854664, 40.760171], [-73.853724, 40.760246], [-73.852779, 40.759973], [-73.851586, 40.759355], [-73.850691, 40.759449], [-73.84994, 40.759698], [-73.849301, 40.760243], [-73.849875, 40.761104], [-73.851974, 40.760249], [-73.852072, 40.760393], [-73.849812, 40.761271], [-73.849167, 40.760297], [-73.848588, 40.76018], [-73.844745, 40.762756], [-73.843594, 40.763371], [-73.843688, 40.763613], [-73.843436, 40.763433], [-73.84307, 40.763593], [-73.843042, 40.764321], [-73.842728, 40.764629], [-73.840526, 40.765388], [-73.839578, 40.765252], [-73.839132, 40.765991], [-73.839527, 40.76614], [-73.839698, 40.766393], [-73.839734, 40.766734], [-73.839498, 40.767017], [-73.839591, 40.767111], [-73.839939, 40.767064], [-73.839902, 40.766824], [-73.840312, 40.766295], [-73.842523, 40.765775], [-73.842959, 40.765855], [-73.844266, 40.765469], [-73.844913, 40.765528], [-73.846522, 40.766296], [-73.847231, 40.766313], [-73.847806, 40.766773], [-73.848567, 40.768091], [-73.848301, 40.76843], [-73.848835, 40.768752], [-73.849013, 40.769215], [-73.848601, 40.769818], [-73.84873, 40.76999], [-73.848927, 40.769915], [-73.848818, 40.769738], [-73.849504, 40.76951], [-73.849774, 40.769936], [-73.849076, 40.770194], [-73.848993, 40.770029], [-73.848727, 40.770106], [-73.848587, 40.770504], [-73.848672, 40.770762], [-73.849494, 40.771329], [-73.849942, 40.771927], [-73.850304, 40.771938], [-73.850338, 40.771744], [-73.851301, 40.771806], [-73.85127, 40.771986], [-73.850361, 40.771831], [-73.850334, 40.772018], [-73.849952, 40.771958], [-73.849869, 40.772183], [-73.850041, 40.772225], [-73.84984, 40.772231], [-73.849572, 40.772561], [-73.848976, 40.773562], [-73.849217, 40.77464], [-73.848939, 40.77556], [-73.849116, 40.775786], [-73.848968, 40.778022], [-73.849357, 40.778161], [-73.849536, 40.778426], [-73.849747, 40.778414], [-73.849537, 40.778458], [-73.849469, 40.778664], [-73.849934, 40.778769], [-73.849801, 40.778793], [-73.849781, 40.779112], [-73.849572, 40.779193], [-73.849636, 40.779482], [-73.850947, 40.779069], [-73.851488, 40.778993], [-73.851013, 40.779122], [-73.851079, 40.779298], [-73.85014, 40.779391], [-73.849793, 40.779498], [-73.849817, 40.77963], [-73.852353, 40.779481], [-73.852357, 40.779169], [-73.852388, 40.779529], [-73.849821, 40.779651], [-73.849844, 40.779775], [-73.849567, 40.779875], [-73.84974, 40.78004], [-73.850315, 40.780042], [-73.850457, 40.779888], [-73.85169, 40.779868], [-73.851671, 40.780035], [-73.849494, 40.780066], [-73.849889, 40.781089], [-73.850936, 40.78112], [-73.849887, 40.781122], [-73.849837, 40.7816], [-73.849187, 40.781642], [-73.849548, 40.781841], [-73.849247, 40.782256], [-73.850281, 40.78246], [-73.85315, 40.782324], [-73.853223, 40.782061], [-73.853645, 40.781989], [-73.855282, 40.781975], [-73.855451, 40.783143], [-73.856452, 40.783323], [-73.85644, 40.783158], [-73.856677, 40.78315], [-73.856603, 40.782892], [-73.85665, 40.782892], [-73.856841, 40.783371], [-73.857341, 40.783371], [-73.857612, 40.783612], [-73.858083, 40.783724], [-73.858134, 40.784163], [-73.85783, 40.78445], [-73.857977, 40.784678], [-73.858527, 40.785229], [-73.858992, 40.785204], [-73.859056, 40.785432], [-73.859095, 40.785439], [-73.859036, 40.785093], [-73.85911, 40.785443], [-73.859529, 40.785531], [-73.85899, 40.785492], [-73.859125, 40.78585], [-73.858588, 40.786148], [-73.858683, 40.786531], [-73.858128, 40.787052], [-73.856811, 40.786673], [-73.8562, 40.78715], [-73.856173, 40.787493], [-73.855959, 40.787675], [-73.853452, 40.787826], [-73.852842, 40.788211], [-73.85289, 40.788347], [-73.854384, 40.78832], [-73.854801, 40.788608], [-73.854472, 40.790259], [-73.852654, 40.791122], [-73.852885, 40.791563], [-73.85377, 40.792336], [-73.853631, 40.793098], [-73.853686, 40.794018], [-73.852766, 40.794389], [-73.852631, 40.794945], [-73.852427, 40.79461], [-73.851591, 40.794087], [-73.849062, 40.793363], [-73.848849, 40.793502], [-73.849078, 40.794145], [-73.848784, 40.794542], [-73.848877, 40.795134], [-73.84871, 40.795416], [-73.846245, 40.796162], [-73.845592, 40.796012], [-73.845285, 40.795443], [-73.844599, 40.794912], [-73.843547, 40.794914], [-73.843338, 40.795021], [-73.843306, 40.795501], [-73.843044, 40.795215], [-73.842849, 40.795213], [-73.843285, 40.796174], [-73.842809, 40.795418], [-73.84226, 40.795585], [-73.842867, 40.796922], [-73.842167, 40.795613], [-73.841587, 40.795401], [-73.841363, 40.79562], [-73.841494, 40.795982], [-73.841299, 40.79622], [-73.8406, 40.796807], [-73.840139, 40.796879], [-73.840415, 40.797678], [-73.839209, 40.797844], [-73.838429, 40.798376], [-73.8379, 40.798509], [-73.83919, 40.797777], [-73.840259, 40.797589], [-73.839971, 40.796906], [-73.839037, 40.797052], [-73.838401, 40.796755], [-73.837065, 40.793851], [-73.836532, 40.791743], [-73.836945, 40.791471], [-73.837423, 40.791393], [-73.837646, 40.791036], [-73.837504, 40.790462], [-73.836818, 40.79047], [-73.837482, 40.790434], [-73.837175, 40.789427], [-73.837281, 40.78901], [-73.837134, 40.789564], [-73.836378, 40.78946], [-73.835658, 40.789573], [-73.835366, 40.789224], [-73.834136, 40.789066], [-73.833813, 40.788523], [-73.832929, 40.788518], [-73.832118, 40.788772], [-73.831743, 40.789234], [-73.831436, 40.789181], [-73.831951, 40.789415], [-73.832149, 40.790043], [-73.831757, 40.790983], [-73.831374, 40.791369], [-73.83066, 40.79165], [-73.829778, 40.791617], [-73.828367, 40.792395], [-73.829279, 40.792891], [-73.829229, 40.793019], [-73.828292, 40.792514], [-73.827929, 40.792879], [-73.827785, 40.793421], [-73.828006, 40.794913], [-73.828385, 40.795578], [-73.828775, 40.79591], [-73.828806, 40.796179], [-73.829131, 40.796294], [-73.82946, 40.796823], [-73.829059, 40.796562], [-73.827418, 40.796789], [-73.826971, 40.797128], [-73.827174, 40.797622], [-73.826739, 40.797796], [-73.826149, 40.797416], [-73.825116, 40.797352], [-73.824036, 40.79808], [-73.824028, 40.798361], [-73.823859, 40.798154], [-73.823433, 40.798407], [-73.82368, 40.79877], [-73.823409, 40.798418], [-73.823108, 40.798613], [-73.823306, 40.798963], [-73.823003, 40.798642], [-73.822599, 40.798902], [-73.822777, 40.79932], [-73.822519, 40.798988], [-73.822412, 40.799089], [-73.822622, 40.799408], [-73.822388, 40.799113], [-73.821618, 40.799992], [-73.82092, 40.800511], [-73.820432, 40.800628], [-73.820499, 40.801011]]]]}}, {"type": "Feature", "properties": {"name": "Brooklyn"}, "geometry": {"type": "MultiPolygon", "coordinates": [[[[-73.867061, 40.582088], [-73.868147, 40.581989], [-73.868963, 40.581694], [-73.870003, 40.582637], [-73.870506, 40.583342], [-73.870615, 40.584915], [-73.871159, 40.586874], [-73.869814, 40.589461], [-73.868497, 40.59009], [-73.867593, 40.591006], [-73.866351, 40.591893], [-73.864308, 40.591415], [-73.863273, 40.590908], [-73.862742, 40.590366], [-73.862723, 40.590075], [-73.861932, 40.588899], [-73.861494, 40.588542], [-73.861253, 40.587988], [-73.861674, 40.586145], [-73.863275, 40.583877], [-73.863834, 40.583652], [-73.864492, 40.583615], [-73.867061, 40.582088]]], [[[-73.869527, 40.598714], [-73.869671, 40.596689], [-73.870209, 40.596954], [-73.869527, 40.598714]]], [[[-73.919901, 40.599601], [-73.919983, 40.599536], [-73.919159, 40.599609], [-73.918659, 40.599472], [-73.918435, 40.599166], [-73.916264, 40.598161], [-73.916032, 40.597527], [-73.915035, 40.596458], [-73.91442, 40.596051], [-73.913818, 40.595042], [-73.913383, 40.594722], [-73.913063, 40.594072], [-73.913262, 40.592229], [-73.912951, 40.592054], [-73.914394, 40.591512], [-73.915245, 40.591588], [-73.91605, 40.592203], [-73.91601, 40.592429], [-73.916368, 40.592747], [-73.916441, 40.593127], [-73.917875, 40.594722], [-73.9202, 40.596183], [-73.920829, 40.596335], [-73.920897, 40.596613], [-73.921826, 40.597336], [-73.921864, 40.597798], [-73.922272, 40.598377], [-73.922143, 40.598648], [-73.920849, 40.599541], [-73.919901, 40.599601]]], [[[-73.870195, 40.598996], [-73.871081, 40.598901], [-73.870494, 40.602604], [-73.870263, 40.601681], [-73.870195, 40.598996]]], [[[-73.852433, 40.597333], [-73.853996, 40.596683], [-73.854659, 40.596578], [-73.854926, 40.596302], [-73.856734, 40.596076], [-73.860444, 40.596472], [-73.86055, 40.597063], [-73.862748, 40.599071], [-73.863287, 40.59981], [-73.86336, 40.600322], [-73.862975, 40.601018], [-73.861872, 40.602164], [-73.861128, 40.60255], [-73.860782, 40.602608], [-73.860489, 40.602339], [-73.859059, 40.602061], [-73.854826, 40.601867], [-73.854712, 40.601649], [-73.854274, 40.60143], [-73.853721, 40.601401], [-73.852768, 40.600949], [-73.85176, 40.599698], [-73.850767, 40.598839], [-73.851531, 40.598434], [-73.852433, 40.597333]]], [[[-73.867029, 40.603743], [-73.867682, 40.603071], [-73.868308, 40.603139], [-73.867935, 40.603961], [-73.867026, 40.604172], [-73.867029, 40.603743]]], [[[-73.867024, 40.608068], [-73.868743, 40.607035], [-73.868685, 40.608241], [-73.867775, 40.608539], [-73.867024, 40.608068]]], [[[-73.834463, 40.607193], [-73.835876, 40.605637], [-73.836102, 40.607363], [-73.834283, 40.609186], [-73.834463, 40.607193]]], [[[-73.869664, 40.60654], [-73.871093, 40.604694], [-73.871057, 40.606285], [-73.872456, 40.608186], [-73.873001, 40.610555], [-73.871801, 40.61028], [-73.871039, 40.609724], [-73.87076, 40.608705], [-73.869664, 40.60654]]], [[[-73.855231, 40.616131], [-73.855303, 40.613145], [-73.852367, 40.613156], [-73.853768, 40.614088], [-73.852632, 40.615094], [-73.84974, 40.615156], [-73.850109, 40.610212], [-73.855156, 40.606121], [-73.857086, 40.606468], [-73.857041, 40.608299], [-73.859018, 40.609476], [-73.859249, 40.611255], [-73.858021, 40.612644], [-73.856484, 40.613191], [-73.858581, 40.616917], [-73.855231, 40.616131]]], [[[-73.843044, 40.617738], [-73.842836, 40.616609], [-73.844009, 40.617041], [-73.844542, 40.614868], [-73.840999, 40.613029], [-73.838257, 40.613847], [-73.840794, 40.605643], [-73.847148, 40.603614], [-73.851794, 40.606897], [-73.851241, 40.60772], [-73.84779, 40.609235], [-73.848168, 40.612534], [-73.847311, 40.613438], [-73.846395, 40.616037], [-73.846148, 40.617728], [-73.843044, 40.617738]]], [[[-73.833422, 40.626782], [-73.834019, 40.614381], [-73.834342, 40.614365], [-73.835423, 40.61461], [-73.835516, 40.614949], [-73.835856, 40.615209], [-73.836344, 40.615119], [-73.836284, 40.615232], [-73.836508, 40.615296], [-73.836636, 40.615146], [-73.837792, 40.61556], [-73.837712, 40.615704], [-73.83725, 40.615789], [-73.83691, 40.616151], [-73.83653, 40.616121], [-73.835942, 40.616545], [-73.834962, 40.61778], [-73.834967, 40.617962], [-73.835169, 40.618037], [-73.835004, 40.618173], [-73.834976, 40.618592], [-73.835357, 40.618713], [-73.835521, 40.619379], [-73.835747, 40.619612], [-73.835512, 40.619958], [-73.834958, 40.619839], [-73.835105, 40.619498], [-73.834772, 40.619844], [-73.835312, 40.620145], [-73.834943, 40.620434], [-73.834987, 40.621011], [-73.834751, 40.621262], [-73.834861, 40.621527], [-73.834645, 40.621998], [-73.835347, 40.623696], [-73.835144, 40.625487], [-73.833422, 40.626782]]], [[[-73.870846, 40.616967], [-73.878248, 40.615445], [-73.874814, 40.623587], [-73.866844, 40.627829], [-73.864982, 40.625661], [-73.866065, 40.621493], [-73.866261, 40.618456], [-73.870846, 40.616967]]], [[[-73.833422, 40.626782], [-73.834644, 40.627427], [-73.833041, 40.628261], [-73.833422, 40.626782]]], [[[-73.847344, 40.629095], [-73.849846, 40.626224], [-73.847278, 40.626622], [-73.84505, 40.625411], [-73.84358, 40.623178], [-73.846148, 40.622224], [-73.848478, 40.622419], [-73.856655, 40.619994], [-73.859477, 40.618665], [-73.861071, 40.617712], [-73.86365, 40.617879], [-73.864041, 40.619208], [-73.863439, 40.618942], [-73.861518, 40.619049], [-73.86147, 40.621239], [-73.861029, 40.624139], [-73.863479, 40.623389], [-73.86335, 40.625925], [-73.861376, 40.625979], [-73.860411, 40.625167], [-73.858613, 40.627962], [-73.857678, 40.627984], [-73.857863, 40.628445], [-73.856506, 40.629097], [-73.856135, 40.628281], [-73.853965, 40.627611], [-73.854369, 40.628818], [-73.850717, 40.628003], [-73.848469, 40.629643], [-73.847344, 40.629095]]], [[[-73.836237, 40.631111], [-73.841102, 40.624556], [-73.844457, 40.629848], [-73.842424, 40.631533], [-73.837652, 40.63284], [-73.836237, 40.631111]]], [[[-73.847218, 40.631966], [-73.84859, 40.630132], [-73.858558, 40.630458], [-73.856137, 40.635082], [-73.846679, 40.638732], [-73.84352, 40.636504], [-73.845049, 40.633175], [-73.847218, 40.631966]]], [[[-73.954396, 40.739115], [-73.951988, 40.738748], [-73.946524, 40.736927], [-73.946454, 40.73681], [-73.9472, 40.735355], [-73.947065, 40.734402], [-73.946598, 40.734442], [-73.946737, 40.735295], [-73.946929, 40.735313], [-73.946627, 40.735866], [-73.946443, 40.735813], [-73.946172, 40.736203], [-73.945873, 40.736102], [-73.94557, 40.736612], [-73.944999, 40.736437], [-73.945255, 40.735893], [-73.945185, 40.735479], [-73.945033, 40.735429], [-73.944515, 40.736284], [-73.942394, 40.735426], [-73.941738, 40.734951], [-73.941147, 40.734153], [-73.940997, 40.73379], [-73.941156, 40.733749], [-73.940569, 40.733058], [-73.940685, 40.733017], [-73.940367, 40.732213], [-73.939813, 40.731153], [-73.938103, 40.729729], [-73.936931, 40.729108], [-73.934929, 40.728544], [-73.932004, 40.728145], [-73.92958, 40.727613], [-73.929243, 40.727398], [-73.927872, 40.725854], [-73.927797, 40.724926], [-73.925615, 40.720062], [-73.924818, 40.720265], [-73.92452, 40.719613], [-73.924579, 40.719163], [-73.924702, 40.718688], [-73.924992, 40.718385], [-73.928379, 40.717578], [-73.92888, 40.71772], [-73.929708, 40.71704], [-73.92932, 40.716112], [-73.929474, 40.715721], [-73.932198, 40.714972], [-73.932141, 40.714681], [-73.931754, 40.714742], [-73.931241, 40.713725], [-73.931645, 40.713343], [-73.932639, 40.713053], [-73.932033, 40.71159], [-73.933385, 40.711234], [-73.933283, 40.710979], [-73.931901, 40.711338], [-73.930932, 40.709165], [-73.930501, 40.708681], [-73.930361, 40.708718], [-73.93025, 40.708928], [-73.931546, 40.711855], [-73.93078, 40.712164], [-73.93161, 40.712038], [-73.931849, 40.712565], [-73.931734, 40.712749], [-73.930424, 40.71317], [-73.931052, 40.71461], [-73.930852, 40.714903], [-73.928439, 40.715531], [-73.928906, 40.716619], [-73.928233, 40.717106], [-73.924626, 40.717954], [-73.92364, 40.717321], [-73.923055, 40.716343], [-73.924313, 40.715847], [-73.924886, 40.715267], [-73.924336, 40.714123], [-73.924059, 40.714112], [-73.922233, 40.712854], [-73.921687, 40.711894], [-73.921546, 40.711043], [-73.920745, 40.71053], [-73.921892, 40.709396], [-73.911807, 40.703435], [-73.912904, 40.702362], [-73.910679, 40.701046], [-73.911808, 40.699938], [-73.90426, 40.6957], [-73.905796, 40.694127], [-73.901233, 40.691442], [-73.901805, 40.690766], [-73.900425, 40.688184], [-73.901162, 40.687878], [-73.896466, 40.682336], [-73.895779, 40.683497], [-73.894175, 40.685283], [-73.892523, 40.683425], [-73.890154, 40.685004], [-73.889628, 40.684236], [-73.888083, 40.685294], [-73.884523, 40.686685], [-73.883777, 40.687863], [-73.879506, 40.691147], [-73.874021, 40.694191], [-73.868917, 40.69515], [-73.868425, 40.694718], [-73.868685, 40.694035], [-73.867461, 40.688415], [-73.866598, 40.68527], [-73.866027, 40.681918], [-73.864101, 40.682373], [-73.863286, 40.679077], [-73.862346, 40.679165], [-73.860389, 40.671269], [-73.857633, 40.671656], [-73.855685, 40.663867], [-73.85843, 40.663453], [-73.857615, 40.660119], [-73.86036, 40.659646], [-73.863171, 40.658277], [-73.862698, 40.657618], [-73.863002, 40.657488], [-73.863276, 40.656941], [-73.863002, 40.656654], [-73.862994, 40.656365], [-73.863198, 40.656339], [-73.862641, 40.655668], [-73.861734, 40.655295], [-73.860989, 40.65521], [-73.859755, 40.654104], [-73.85898, 40.652675], [-73.856959, 40.650587], [-73.857524, 40.649996], [-73.857835, 40.648302], [-73.858403, 40.647004], [-73.858224, 40.646069], [-73.857292, 40.644531], [-73.85717, 40.643679], [-73.858941, 40.643217], [-73.862013, 40.642887], [-73.862895, 40.642551], [-73.865312, 40.640751], [-73.866704, 40.640022], [-73.865354, 40.638951], [-73.865632, 40.638787], [-73.866815, 40.639964], [-73.867323, 40.639872], [-73.868673, 40.640925], [-73.869912, 40.643278], [-73.870017, 40.644071], [-73.870615, 40.644857], [-73.871192, 40.645305], [-73.87257, 40.645576], [-73.879332, 40.654622], [-73.87972, 40.654376], [-73.876762, 40.650561], [-73.876722, 40.650323], [-73.873186, 40.645445], [-73.873443, 40.644672], [-73.87327, 40.643903], [-73.872973, 40.643839], [-73.872756, 40.643249], [-73.871949, 40.642394], [-73.870845, 40.640557], [-73.870085, 40.639844], [-73.87008, 40.639212], [-73.869896, 40.638935], [-73.869524, 40.638646], [-73.867997, 40.638115], [-73.86961, 40.637086], [-73.869695, 40.637147], [-73.869208, 40.637466], [-73.869559, 40.637947], [-73.871239, 40.637323], [-73.872934, 40.636365], [-73.873479, 40.636286], [-73.874449, 40.636659], [-73.875471, 40.637273], [-73.877169, 40.638658], [-73.878294, 40.638839], [-73.878517, 40.639003], [-73.87867, 40.639426], [-73.879371, 40.640119], [-73.879894, 40.640363], [-73.880168, 40.640897], [-73.880484, 40.640978], [-73.880736, 40.641566], [-73.880292, 40.641405], [-73.880026, 40.641718], [-73.880067, 40.642003], [-73.881529, 40.642452], [-73.882241, 40.643453], [-73.882148, 40.643744], [-73.88342, 40.644524], [-73.884808, 40.643946], [-73.885578, 40.644041], [-73.887434, 40.645937], [-73.887666, 40.646505], [-73.887726, 40.647143], [-73.887516, 40.647415], [-73.887712, 40.647874], [-73.888636, 40.648024], [-73.889247, 40.648746], [-73.890088, 40.649333], [-73.890335, 40.649348], [-73.890137, 40.64917], [-73.890347, 40.649034], [-73.891003, 40.649351], [-73.891204, 40.649127], [-73.891096, 40.648812], [-73.889451, 40.647174], [-73.889351, 40.647035], [-73.889482, 40.646913], [-73.888797, 40.64605], [-73.889414, 40.646938], [-73.888896, 40.647219], [-73.88861, 40.647081], [-73.888516, 40.647361], [-73.8882, 40.647141], [-73.88819, 40.646774], [-73.88845, 40.646729], [-73.888535, 40.646968], [-73.888642, 40.646785], [-73.888081, 40.646621], [-73.888094, 40.646213], [-73.88829, 40.646044], [-73.888001, 40.646028], [-73.88741, 40.645329], [-73.888046, 40.64511], [-73.887913, 40.645003], [-73.887344, 40.645224], [-73.886912, 40.644474], [-73.886549, 40.644312], [-73.886236, 40.643817], [-73.884692, 40.643121], [-73.883736, 40.64245], [-73.880789, 40.639757], [-73.880551, 40.639159], [-73.879539, 40.638218], [-73.879118, 40.638267], [-73.878967, 40.63846], [-73.878639, 40.638294], [-73.878437, 40.637949], [-73.878635, 40.637552], [-73.877837, 40.636902], [-73.877144, 40.635976], [-73.878206, 40.634573], [-73.879988, 40.633515], [-73.880376, 40.63298], [-73.881271, 40.632369], [-73.883014, 40.631626], [-73.883645, 40.630943], [-73.883769, 40.630222], [-73.883454, 40.629908], [-73.884047, 40.62956], [-73.882632, 40.628274], [-73.883692, 40.627559], [-73.88513, 40.628827], [-73.885722, 40.628447], [-73.886041, 40.628697], [-73.887527, 40.628332], [-73.890487, 40.626225], [-73.890905, 40.625016], [-73.892377, 40.623733], [-73.893006, 40.623356], [-73.893591, 40.62339], [-73.895774, 40.622519], [-73.896072, 40.622774], [-73.898261, 40.622989], [-73.901147, 40.625685], [-73.904128, 40.626306], [-73.916332, 40.632039], [-73.916879, 40.631925], [-73.917507, 40.631442], [-73.91732, 40.631007], [-73.915355, 40.629992], [-73.904642, 40.625133], [-73.903961, 40.624834], [-73.903855, 40.62494], [-73.905462, 40.625775], [-73.90533, 40.625865], [-73.905397, 40.625767], [-73.903209, 40.624665], [-73.903124, 40.624738], [-73.903208, 40.624641], [-73.90307, 40.624705], [-73.903124, 40.624619], [-73.902712, 40.624412], [-73.902547, 40.624444], [-73.902631, 40.624349], [-73.903132, 40.624602], [-73.90327, 40.624484], [-73.902693, 40.624213], [-73.902833, 40.624051], [-73.902415, 40.624463], [-73.902287, 40.62441], [-73.902404, 40.624442], [-73.902714, 40.624023], [-73.902619, 40.623983], [-73.902745, 40.623983], [-73.902644, 40.623925], [-73.902916, 40.623955], [-73.902936, 40.623624], [-73.90273, 40.623442], [-73.902351, 40.623477], [-73.901973, 40.622911], [-73.900979, 40.622534], [-73.900716, 40.621634], [-73.898118, 40.621852], [-73.896995, 40.621674], [-73.896475, 40.621428], [-73.896288, 40.620736], [-73.896222, 40.62084], [-73.895729, 40.620241], [-73.895777, 40.62002], [-73.895614, 40.619801], [-73.895719, 40.61953], [-73.89561, 40.619351], [-73.895853, 40.619145], [-73.896084, 40.618383], [-73.896453, 40.618076], [-73.896643, 40.617348], [-73.896454, 40.61677], [-73.89646, 40.61613], [-73.896171, 40.616001], [-73.896173, 40.615654], [-73.895734, 40.614888], [-73.896029, 40.614805], [-73.895861, 40.614518], [-73.894276, 40.613883], [-73.892499, 40.613792], [-73.89134, 40.613256], [-73.890954, 40.612834], [-73.891044, 40.61251], [-73.891414, 40.612125], [-73.892096, 40.611961], [-73.892153, 40.612074], [-73.892749, 40.61173], [-73.893932, 40.611537], [-73.893964, 40.611214], [-73.893581, 40.611166], [-73.893549, 40.611001], [-73.891894, 40.611535], [-73.890997, 40.612052], [-73.89116, 40.612177], [-73.891078, 40.612277], [-73.890334, 40.612011], [-73.889792, 40.611686], [-73.889696, 40.611454], [-73.889785, 40.610955], [-73.890302, 40.610318], [-73.891945, 40.609102], [-73.891866, 40.609323], [-73.891982, 40.609385], [-73.891769, 40.609519], [-73.891954, 40.60945], [-73.892267, 40.609165], [-73.892372, 40.608728], [-73.892223, 40.608627], [-73.892423, 40.608558], [-73.89217, 40.608545], [-73.892483, 40.608153], [-73.892729, 40.607227], [-73.893346, 40.606743], [-73.894862, 40.606405], [-73.895913, 40.605845], [-73.898339, 40.605304], [-73.899162, 40.605528], [-73.899832, 40.605503], [-73.900519, 40.606278], [-73.900877, 40.60698], [-73.900566, 40.607475], [-73.900477, 40.609217], [-73.900251, 40.609517], [-73.900156, 40.610076], [-73.901391, 40.611146], [-73.901333, 40.611718], [-73.901615, 40.611864], [-73.901987, 40.611745], [-73.90229, 40.611962], [-73.902494, 40.611815], [-73.901193, 40.610564], [-73.90133, 40.610481], [-73.901248, 40.61058], [-73.902536, 40.611826], [-73.902651, 40.611781], [-73.90236, 40.61198], [-73.902719, 40.611826], [-73.902638, 40.611907], [-73.902927, 40.612159], [-73.903044, 40.612095], [-73.902918, 40.612187], [-73.902629, 40.611926], [-73.902423, 40.612034], [-73.905871, 40.615063], [-73.905735, 40.614883], [-73.906033, 40.614953], [-73.905879, 40.615077], [-73.906963, 40.616114], [-73.907173, 40.61601], [-73.906738, 40.616296], [-73.907257, 40.616088], [-73.907083, 40.616221], [-73.907226, 40.616352], [-73.907443, 40.616259], [-73.907022, 40.616534], [-73.907106, 40.61661], [-73.907527, 40.616344], [-73.907242, 40.616552], [-73.907475, 40.616713], [-73.90759, 40.616629], [-73.907652, 40.616916], [-73.907968, 40.617047], [-73.907765, 40.617217], [-73.907814, 40.617374], [-73.908153, 40.617162], [-73.908392, 40.617388], [-73.908604, 40.617265], [-73.908791, 40.617436], [-73.908633, 40.617168], [-73.908837, 40.617312], [-73.909071, 40.61716], [-73.908354, 40.616531], [-73.908794, 40.616873], [-73.909139, 40.616532], [-73.908106, 40.615669], [-73.907973, 40.615737], [-73.908157, 40.615601], [-73.909177, 40.616522], [-73.908815, 40.61689], [-73.908957, 40.616991], [-73.909644, 40.616575], [-73.909597, 40.616393], [-73.90865, 40.615485], [-73.907856, 40.615206], [-73.907406, 40.614753], [-73.907302, 40.614809], [-73.905444, 40.613015], [-73.904241, 40.612362], [-73.904374, 40.612225], [-73.904291, 40.612015], [-73.904208, 40.611955], [-73.904106, 40.612042], [-73.904043, 40.611999], [-73.904141, 40.611896], [-73.90351, 40.611406], [-73.90331, 40.611547], [-73.903494, 40.611389], [-73.903136, 40.610968], [-73.902745, 40.610931], [-73.902259, 40.610423], [-73.901642, 40.605763], [-73.905243, 40.60491], [-73.905424, 40.60554], [-73.905975, 40.606384], [-73.90811, 40.606273], [-73.90864, 40.606659], [-73.908829, 40.606565], [-73.908492, 40.605772], [-73.908241, 40.605323], [-73.908033, 40.605359], [-73.908404, 40.605243], [-73.908296, 40.605306], [-73.908886, 40.606537], [-73.909338, 40.606478], [-73.909845, 40.606168], [-73.909852, 40.606], [-73.908857, 40.60506], [-73.908325, 40.604073], [-73.910923, 40.603505], [-73.913651, 40.603983], [-73.916736, 40.606815], [-73.916604, 40.607089], [-73.916721, 40.607625], [-73.916322, 40.608676], [-73.916784, 40.608774], [-73.916571, 40.609424], [-73.91684, 40.60876], [-73.916509, 40.60863], [-73.91689, 40.60871], [-73.916828, 40.608906], [-73.917088, 40.608821], [-73.917028, 40.608975], [-73.91682, 40.608931], [-73.916657, 40.609437], [-73.9168, 40.609494], [-73.916566, 40.609438], [-73.916386, 40.610089], [-73.916061, 40.610431], [-73.916165, 40.610516], [-73.914495, 40.611653], [-73.914934, 40.613958], [-73.913861, 40.614642], [-73.914281, 40.614939], [-73.916421, 40.613569], [-73.915929, 40.613859], [-73.915725, 40.613618], [-73.915972, 40.613808], [-73.916248, 40.613626], [-73.915885, 40.613329], [-73.915746, 40.613385], [-73.915966, 40.613236], [-73.915889, 40.61331], [-73.916265, 40.613606], [-73.916387, 40.61353], [-73.915993, 40.612882], [-73.915871, 40.61291], [-73.916003, 40.61286], [-73.916499, 40.613521], [-73.916628, 40.613444], [-73.915732, 40.611831], [-73.916747, 40.611178], [-73.916589, 40.611091], [-73.916673, 40.611006], [-73.916829, 40.611118], [-73.91811, 40.610208], [-73.917732, 40.609783], [-73.917866, 40.609327], [-73.917679, 40.609663], [-73.917963, 40.608786], [-73.91782, 40.609304], [-73.91803, 40.608847], [-73.918557, 40.608498], [-73.918005, 40.60815], [-73.918187, 40.608025], [-73.918574, 40.608488], [-73.919007, 40.608267], [-73.918249, 40.607589], [-73.918138, 40.607645], [-73.918362, 40.607501], [-73.918308, 40.607611], [-73.919023, 40.608257], [-73.919354, 40.608043], [-73.918378, 40.607174], [-73.918253, 40.607229], [-73.918503, 40.607071], [-73.918402, 40.607155], [-73.919371, 40.608033], [-73.919522, 40.607739], [-73.917018, 40.605382], [-73.917125, 40.60531], [-73.914769, 40.60336], [-73.914894, 40.603289], [-73.914428, 40.602864], [-73.913894, 40.602704], [-73.91382, 40.602888], [-73.913687, 40.60285], [-73.913855, 40.60269], [-73.913641, 40.602524], [-73.913327, 40.602764], [-73.913471, 40.602912], [-73.913297, 40.602766], [-73.913661, 40.602469], [-73.913498, 40.602367], [-73.913271, 40.602553], [-73.913387, 40.602635], [-73.913199, 40.602785], [-73.913356, 40.602636], [-73.913249, 40.602567], [-73.913017, 40.602754], [-73.913475, 40.602349], [-73.913117, 40.60222], [-73.912707, 40.602695], [-73.912853, 40.602507], [-73.912724, 40.602453], [-73.912887, 40.602485], [-73.91306, 40.602206], [-73.911584, 40.602135], [-73.911578, 40.602218], [-73.912309, 40.602275], [-73.912542, 40.602364], [-73.911652, 40.602278], [-73.911544, 40.602439], [-73.912611, 40.602532], [-73.912573, 40.602683], [-73.912519, 40.60254], [-73.912489, 40.602674], [-73.911515, 40.60246], [-73.91094, 40.602498], [-73.910946, 40.602365], [-73.910865, 40.60249], [-73.910877, 40.602342], [-73.91152, 40.602397], [-73.911542, 40.602225], [-73.910916, 40.602207], [-73.91094, 40.602128], [-73.911555, 40.602155], [-73.910758, 40.602028], [-73.910751, 40.602437], [-73.909037, 40.602677], [-73.909018, 40.602525], [-73.910712, 40.602419], [-73.910706, 40.602145], [-73.909409, 40.602191], [-73.910731, 40.602021], [-73.909796, 40.602043], [-73.908942, 40.601607], [-73.907679, 40.602292], [-73.906572, 40.602344], [-73.905387, 40.60265], [-73.904575, 40.602525], [-73.903934, 40.602725], [-73.903329, 40.602456], [-73.903197, 40.60265], [-73.902898, 40.602639], [-73.90143, 40.603273], [-73.899835, 40.60334], [-73.898808, 40.603657], [-73.897932, 40.603325], [-73.897383, 40.603417], [-73.895309, 40.603121], [-73.894679, 40.603318], [-73.893797, 40.603189], [-73.893264, 40.603478], [-73.892196, 40.603388], [-73.891171, 40.603596], [-73.890802, 40.603981], [-73.888976, 40.604548], [-73.888768, 40.604827], [-73.887644, 40.605277], [-73.884775, 40.605145], [-73.88398, 40.605567], [-73.882694, 40.604225], [-73.882969, 40.603785], [-73.8829, 40.603502], [-73.883327, 40.603054], [-73.883295, 40.602916], [-73.882595, 40.601756], [-73.882147, 40.600237], [-73.881628, 40.599446], [-73.881472, 40.597872], [-73.880714, 40.596393], [-73.880719, 40.594826], [-73.879907, 40.592048], [-73.879408, 40.592103], [-73.879899, 40.592021], [-73.879715, 40.591399], [-73.879357, 40.590844], [-73.878969, 40.590897], [-73.878924, 40.590713], [-73.879293, 40.590661], [-73.879234, 40.590266], [-73.878968, 40.589901], [-73.879139, 40.589373], [-73.878788, 40.58803], [-73.878202, 40.586868], [-73.876717, 40.584914], [-73.879702, 40.580135], [-73.881743, 40.579592], [-73.881867, 40.579455], [-73.881747, 40.579159], [-73.88207, 40.579074], [-73.882147, 40.57919], [-73.882873, 40.579128], [-73.884347, 40.578598], [-73.887348, 40.578075], [-73.888714, 40.578136], [-73.889755, 40.577788], [-73.891184, 40.577872], [-73.892076, 40.577474], [-73.894665, 40.57681], [-73.895524, 40.57677], [-73.896049, 40.578221], [-73.896941, 40.579457], [-73.897088, 40.579887], [-73.897037, 40.580704], [-73.89649, 40.582017], [-73.896556, 40.583005], [-73.897031, 40.583988], [-73.898135, 40.585186], [-73.897897, 40.585821], [-73.898305, 40.586841], [-73.898916, 40.587537], [-73.899733, 40.587165], [-73.89903, 40.58767], [-73.899811, 40.588014], [-73.899906, 40.587794], [-73.899943, 40.587983], [-73.900009, 40.587818], [-73.900304, 40.587733], [-73.900355, 40.587807], [-73.901218, 40.587383], [-73.901208, 40.587499], [-73.900343, 40.587835], [-73.900031, 40.58787], [-73.899952, 40.588042], [-73.900715, 40.588084], [-73.901331, 40.587876], [-73.9021, 40.587357], [-73.902818, 40.587374], [-73.904269, 40.586912], [-73.905867, 40.587492], [-73.905887, 40.587877], [-73.906519, 40.588025], [-73.90686, 40.587883], [-73.907125, 40.58753], [-73.906494, 40.587345], [-73.906335, 40.587132], [-73.906439, 40.587034], [-73.908109, 40.586797], [-73.910886, 40.585948], [-73.911482, 40.586079], [-73.911918, 40.586428], [-73.911973, 40.586697], [-73.911882, 40.587045], [-73.911676, 40.587042], [-73.911577, 40.587263], [-73.911911, 40.588467], [-73.911486, 40.591109], [-73.912023, 40.593089], [-73.912042, 40.594507], [-73.912578, 40.595553], [-73.913196, 40.596175], [-73.913648, 40.597103], [-73.914198, 40.597369], [-73.915133, 40.598781], [-73.915854, 40.599314], [-73.917543, 40.600003], [-73.917837, 40.600404], [-73.918126, 40.600439], [-73.918573, 40.600787], [-73.920166, 40.601088], [-73.920181, 40.601283], [-73.9214, 40.601703], [-73.921517, 40.601924], [-73.921683, 40.60177], [-73.922335, 40.601726], [-73.922919, 40.601393], [-73.923623, 40.600526], [-73.924012, 40.599722], [-73.924865, 40.599821], [-73.927203, 40.601246], [-73.928319, 40.602216], [-73.928785, 40.602211], [-73.928962, 40.602522], [-73.929507, 40.602709], [-73.929616, 40.60319], [-73.929016, 40.603721], [-73.929409, 40.604004], [-73.929898, 40.603743], [-73.930168, 40.604028], [-73.930489, 40.603736], [-73.930981, 40.603936], [-73.931175, 40.60385], [-73.931962, 40.603122], [-73.932116, 40.602689], [-73.931762, 40.602596], [-73.931446, 40.602059], [-73.930325, 40.601182], [-73.929698, 40.601221], [-73.92936, 40.600986], [-73.92941, 40.60076], [-73.929275, 40.600801], [-73.929367, 40.600647], [-73.929227, 40.600488], [-73.928653, 40.600386], [-73.928592, 40.600612], [-73.928377, 40.60035], [-73.927848, 40.600316], [-73.927202, 40.59991], [-73.922902, 40.596448], [-73.921775, 40.595031], [-73.920352, 40.594736], [-73.919076, 40.593794], [-73.918674, 40.593332], [-73.917939, 40.592892], [-73.917264, 40.591979], [-73.916908, 40.591744], [-73.916551, 40.591086], [-73.9151, 40.59042], [-73.914858, 40.590071], [-73.914548, 40.589952], [-73.914619, 40.589327], [-73.914247, 40.589336], [-73.914206, 40.589197], [-73.914547, 40.588742], [-73.917367, 40.587405], [-73.917912, 40.586878], [-73.918056, 40.586437], [-73.91919, 40.585962], [-73.919611, 40.586169], [-73.920171, 40.58594], [-73.920405, 40.58609], [-73.920822, 40.585996], [-73.92067, 40.585774], [-73.920891, 40.585903], [-73.920906, 40.585591], [-73.921012, 40.585754], [-73.9219, 40.585693], [-73.921848, 40.585838], [-73.922119, 40.585811], [-73.922302, 40.586018], [-73.922964, 40.585894], [-73.923341, 40.585995], [-73.924757, 40.585633], [-73.925204, 40.585806], [-73.925418, 40.586197], [-73.927128, 40.58754], [-73.926967, 40.587354], [-73.927188, 40.58756], [-73.927208, 40.587723], [-73.927683, 40.587362], [-73.927248, 40.587753], [-73.927357, 40.588022], [-73.927946, 40.587659], [-73.927916, 40.587549], [-73.928079, 40.587702], [-73.927369, 40.588045], [-73.927426, 40.588219], [-73.927902, 40.587953], [-73.928022, 40.588069], [-73.927923, 40.587996], [-73.927455, 40.5883], [-73.927761, 40.588661], [-73.923953, 40.59114], [-73.9242, 40.591364], [-73.924601, 40.591199], [-73.928159, 40.588825], [-73.928363, 40.588969], [-73.928419, 40.588934], [-73.928216, 40.588784], [-73.928359, 40.588865], [-73.928631, 40.588573], [-73.928758, 40.588674], [-73.92839, 40.588863], [-73.928469, 40.588933], [-73.928441, 40.58903], [-73.92862, 40.58912], [-73.928881, 40.588854], [-73.928632, 40.589126], [-73.928734, 40.589147], [-73.929134, 40.588879], [-73.929258, 40.588932], [-73.928757, 40.589153], [-73.929982, 40.589516], [-73.929361, 40.589251], [-73.929766, 40.589292], [-73.930034, 40.589426], [-73.930577, 40.589891], [-73.930103, 40.589606], [-73.930375, 40.58994], [-73.930298, 40.590035], [-73.930589, 40.589953], [-73.930628, 40.590253], [-73.930468, 40.590061], [-73.930529, 40.590308], [-73.930652, 40.590291], [-73.930674, 40.590591], [-73.930525, 40.590333], [-73.930471, 40.59086], [-73.930623, 40.590919], [-73.930647, 40.59062], [-73.930641, 40.590945], [-73.93046, 40.591001], [-73.930696, 40.591019], [-73.93045, 40.59108], [-73.930726, 40.59109], [-73.930372, 40.591211], [-73.930604, 40.591186], [-73.930601, 40.591485], [-73.930575, 40.59123], [-73.930465, 40.591273], [-73.930405, 40.591731], [-73.930606, 40.591541], [-73.930451, 40.592245], [-73.930399, 40.591756], [-73.930364, 40.59248], [-73.930362, 40.592312], [-73.930176, 40.592406], [-73.930354, 40.592555], [-73.930265, 40.592619], [-73.93019, 40.592454], [-73.930023, 40.592683], [-73.930213, 40.592678], [-73.929913, 40.592853], [-73.930099, 40.592872], [-73.930052, 40.593], [-73.929891, 40.592871], [-73.929713, 40.59312], [-73.930042, 40.593061], [-73.929956, 40.593309], [-73.929976, 40.593174], [-73.929741, 40.593144], [-73.929823, 40.593373], [-73.930039, 40.593348], [-73.929781, 40.593437], [-73.929961, 40.594006], [-73.930215, 40.593973], [-73.930082, 40.593595], [-73.930228, 40.593931], [-73.930525, 40.59388], [-73.93036, 40.593976], [-73.930547, 40.594199], [-73.930299, 40.593938], [-73.93004, 40.594105], [-73.930432, 40.594403], [-73.930761, 40.594382], [-73.930623, 40.594204], [-73.930834, 40.594414], [-73.930663, 40.594464], [-73.930769, 40.594493], [-73.930832, 40.594431], [-73.930935, 40.59446], [-73.931221, 40.594183], [-73.931325, 40.594276], [-73.930955, 40.594466], [-73.931367, 40.594529], [-73.931764, 40.594284], [-73.931613, 40.594504], [-73.931368, 40.594546], [-73.930846, 40.594452], [-73.930781, 40.594499], [-73.931934, 40.594692], [-73.932308, 40.594916], [-73.932563, 40.594763], [-73.932438, 40.594844], [-73.932604, 40.59493], [-73.932827, 40.594804], [-73.932677, 40.594236], [-73.931759, 40.59283], [-73.931711, 40.59305], [-73.931535, 40.592693], [-73.931741, 40.592794], [-73.931437, 40.592167], [-73.93114, 40.592009], [-73.9314, 40.591805], [-73.93101, 40.591931], [-73.930995, 40.591818], [-73.931353, 40.591791], [-73.931426, 40.591604], [-73.93107, 40.591729], [-73.931076, 40.591598], [-73.931231, 40.591642], [-73.931305, 40.59136], [-73.931246, 40.591637], [-73.931423, 40.591589], [-73.931543, 40.59135], [-73.931467, 40.591399], [-73.931433, 40.591239], [-73.931559, 40.591293], [-73.931213, 40.589531], [-73.930686, 40.588822], [-73.930091, 40.588989], [-73.93065, 40.58867], [-73.9304, 40.588466], [-73.929728, 40.588614], [-73.930385, 40.588442], [-73.929722, 40.58756], [-73.931349, 40.587328], [-73.931252, 40.58685], [-73.928574, 40.587062], [-73.928082, 40.586698], [-73.92815, 40.586178], [-73.927919, 40.586136], [-73.928277, 40.586107], [-73.928157, 40.585865], [-73.927743, 40.58605], [-73.92737, 40.586007], [-73.927586, 40.586254], [-73.927516, 40.586398], [-73.927304, 40.585866], [-73.92638, 40.585296], [-73.926548, 40.585575], [-73.925494, 40.585019], [-73.926345, 40.585276], [-73.925291, 40.584641], [-73.92345, 40.584818], [-73.921013, 40.584575], [-73.920196, 40.584635], [-73.918842, 40.585043], [-73.918796, 40.585224], [-73.918422, 40.585372], [-73.917342, 40.585581], [-73.916976, 40.585889], [-73.915661, 40.586223], [-73.914822, 40.586277], [-73.913833, 40.586035], [-73.9135, 40.586096], [-73.912554, 40.585526], [-73.912506, 40.584707], [-73.912368, 40.584526], [-73.912608, 40.58432], [-73.912636, 40.58395], [-73.912505, 40.583886], [-73.91269, 40.583875], [-73.912711, 40.5837], [-73.912424, 40.583515], [-73.91246, 40.583352], [-73.913047, 40.583008], [-73.913054, 40.583187], [-73.914632, 40.582758], [-73.914897, 40.582873], [-73.914987, 40.583153], [-73.916142, 40.582857], [-73.916563, 40.583152], [-73.917299, 40.583191], [-73.916811, 40.582762], [-73.916326, 40.582819], [-73.915962, 40.582436], [-73.915413, 40.582364], [-73.914854, 40.582494], [-73.914387, 40.582383], [-73.914464, 40.582609], [-73.914237, 40.582597], [-73.914173, 40.582801], [-73.913726, 40.582729], [-73.913359, 40.582954], [-73.912969, 40.582973], [-73.912982, 40.582707], [-73.912854, 40.583012], [-73.912221, 40.582963], [-73.912484, 40.582885], [-73.911911, 40.582963], [-73.911521, 40.582743], [-73.911286, 40.582314], [-73.911483, 40.581832], [-73.913711, 40.581629], [-73.914441, 40.581713], [-73.915055, 40.581544], [-73.91814, 40.582139], [-73.922213, 40.583251], [-73.924436, 40.583558], [-73.92562, 40.583454], [-73.927125, 40.583579], [-73.929632, 40.583399], [-73.930672, 40.58316], [-73.930891, 40.58293], [-73.930741, 40.582759], [-73.93096, 40.582729], [-73.931714, 40.582812], [-73.931943, 40.58311], [-73.931928, 40.58287], [-73.932377, 40.582919], [-73.932014, 40.582926], [-73.932018, 40.583111], [-73.932599, 40.582919], [-73.933491, 40.583059], [-73.93421, 40.58298], [-73.93438, 40.583139], [-73.93456, 40.583165], [-73.934561, 40.58302], [-73.935691, 40.583275], [-73.935674, 40.583019], [-73.935824, 40.583021], [-73.935767, 40.583278], [-73.936132, 40.583314], [-73.936288, 40.583009], [-73.936097, 40.582949], [-73.936566, 40.582958], [-73.9363, 40.583003], [-73.936317, 40.583179], [-73.936576, 40.583241], [-73.936974, 40.58323], [-73.936988, 40.583016], [-73.936633, 40.582972], [-73.937059, 40.582978], [-73.937053, 40.583085], [-73.937633, 40.583096], [-73.937027, 40.583126], [-73.937006, 40.583016], [-73.937015, 40.583233], [-73.937125, 40.583347], [-73.938119, 40.58334], [-73.938094, 40.583117], [-73.938553, 40.583338], [-73.938477, 40.583178], [-73.938668, 40.583164], [-73.938628, 40.583067], [-73.939296, 40.583167], [-73.939302, 40.583333], [-73.939825, 40.583331], [-73.939829, 40.583171], [-73.939859, 40.583331], [-73.940577, 40.583328], [-73.940566, 40.583087], [-73.940109, 40.583075], [-73.940677, 40.583066], [-73.940589, 40.583207], [-73.9407, 40.583328], [-73.940916, 40.583302], [-73.940897, 40.583088], [-73.940738, 40.583076], [-73.941025, 40.58307], [-73.940934, 40.583302], [-73.941157, 40.583299], [-73.941098, 40.583095], [-73.941202, 40.58309], [-73.941209, 40.583299], [-73.941441, 40.58334], [-73.941574, 40.583608], [-73.942551, 40.583514], [-73.94202, 40.58311], [-73.942702, 40.583509], [-73.943047, 40.583492], [-73.942563, 40.583127], [-73.943195, 40.58349], [-73.943545, 40.583471], [-73.943093, 40.583135], [-73.943692, 40.583468], [-73.944068, 40.583472], [-73.943636, 40.583146], [-73.944234, 40.58348], [-73.944618, 40.583497], [-73.944175, 40.583158], [-73.944321, 40.583159], [-73.944775, 40.583508], [-73.945175, 40.583521], [-73.944713, 40.583165], [-73.944845, 40.583164], [-73.94535, 40.583529], [-73.94573, 40.583545], [-73.945267, 40.583183], [-73.945376, 40.583182], [-73.945899, 40.583553], [-73.946286, 40.583569], [-73.945799, 40.583195], [-73.946434, 40.583563], [-73.946789, 40.58355], [-73.946316, 40.583207], [-73.946918, 40.583546], [-73.947268, 40.583533], [-73.946822, 40.583191], [-73.947469, 40.583528], [-73.953493, 40.582988], [-73.953301, 40.582003], [-73.949697, 40.582319], [-73.942741, 40.580996], [-73.933813, 40.581133], [-73.935134, 40.581184], [-73.935109, 40.581304], [-73.9334, 40.581215], [-73.933758, 40.581132], [-73.933003, 40.581145], [-73.932972, 40.581284], [-73.93291, 40.581146], [-73.932873, 40.581286], [-73.932806, 40.581147], [-73.93258, 40.581265], [-73.931063, 40.576163], [-73.931503, 40.575661], [-73.934861, 40.575528], [-73.934894, 40.575222], [-73.935079, 40.575509], [-73.936471, 40.57586], [-73.936708, 40.575418], [-73.936838, 40.57556], [-73.942509, 40.575374], [-73.942578, 40.575569], [-73.944393, 40.575789], [-73.944633, 40.575691], [-73.944604, 40.575244], [-73.944748, 40.575512], [-73.945724, 40.575559], [-73.946182, 40.575299], [-73.945924, 40.575115], [-73.952078, 40.574399], [-73.952543, 40.574224], [-73.953743, 40.574297], [-73.953994, 40.574266], [-73.954083, 40.574073], [-73.954134, 40.574333], [-73.955695, 40.574327], [-73.956345, 40.574207], [-73.956345, 40.573798], [-73.956568, 40.574171], [-73.958435, 40.574089], [-73.958966, 40.573947], [-73.958987, 40.573431], [-73.959096, 40.573864], [-73.959829, 40.573929], [-73.967203, 40.573326], [-73.967436, 40.573209], [-73.967426, 40.572985], [-73.967531, 40.573191], [-73.968185, 40.573178], [-73.969451, 40.572857], [-73.969246, 40.572304], [-73.969559, 40.572809], [-73.969756, 40.572847], [-73.97133, 40.572644], [-73.971183, 40.571942], [-73.971607, 40.572628], [-73.972935, 40.572475], [-73.973345, 40.572321], [-73.97325, 40.571627], [-73.973448, 40.572272], [-73.975286, 40.57205], [-73.975471, 40.571969], [-73.975406, 40.571421], [-73.975679, 40.571956], [-73.975926, 40.572019], [-73.977301, 40.571862], [-73.977664, 40.571729], [-73.977568, 40.571247], [-73.977671, 40.571171], [-73.978076, 40.57123], [-73.977715, 40.571252], [-73.977784, 40.571733], [-73.978325, 40.571883], [-73.9791, 40.571841], [-73.979847, 40.571539], [-73.979443, 40.571221], [-73.979755, 40.57125], [-73.980104, 40.571727], [-73.982041, 40.57148], [-73.981572, 40.57125], [-73.982027, 40.571276], [-73.982177, 40.571561], [-73.982827, 40.571542], [-73.983673, 40.571407], [-73.983404, 40.570166], [-73.983043, 40.570146], [-73.983392, 40.570095], [-73.983361, 40.56953], [-73.983485, 40.570089], [-73.983839, 40.570112], [-73.983488, 40.570156], [-73.983758, 40.571396], [-73.988037, 40.570985], [-73.98862, 40.570896], [-73.988578, 40.570698], [-73.988721, 40.570884], [-73.990263, 40.570708], [-73.990773, 40.570599], [-73.990793, 40.570249], [-73.990864, 40.570602], [-73.991193, 40.570612], [-73.992729, 40.570434], [-73.992969, 40.570367], [-73.992981, 40.570197], [-73.993157, 40.57038], [-73.994938, 40.570355], [-73.995139, 40.570315], [-73.995187, 40.570022], [-73.995293, 40.570321], [-73.995765, 40.570393], [-73.997195, 40.570349], [-73.997369, 40.570137], [-73.997667, 40.570375], [-73.998468, 40.570497], [-74.001064, 40.570402], [-74.002012, 40.570209], [-74.002085, 40.569586], [-74.002487, 40.571738], [-74.003032, 40.572186], [-74.003734, 40.572287], [-74.004402, 40.572798], [-74.006669, 40.573394], [-74.008709, 40.57376], [-74.010074, 40.573831], [-74.011157, 40.574167], [-74.012015, 40.574885], [-74.012322, 40.575653], [-74.01246, 40.576682], [-74.013031, 40.577857], [-74.01275, 40.578557], [-74.012018, 40.579613], [-74.01086, 40.580462], [-74.009593, 40.58086], [-74.008279, 40.581561], [-74.006047, 40.581984], [-74.002206, 40.581366], [-74.00124, 40.581426], [-74.000012, 40.581252], [-73.998219, 40.581474], [-73.99793, 40.581238], [-73.997991, 40.580766], [-73.997809, 40.580596], [-73.991829, 40.579247], [-73.990362, 40.579425], [-73.988991, 40.578835], [-73.988428, 40.578816], [-73.987391, 40.579087], [-73.986695, 40.579815], [-73.987021, 40.580023], [-73.985886, 40.581144], [-73.986045, 40.581721], [-73.986945, 40.581136], [-73.987574, 40.580031], [-73.98801, 40.579671], [-73.988904, 40.580009], [-73.989955, 40.580662], [-73.99163, 40.58108], [-73.991825, 40.581739], [-73.990338, 40.584218], [-73.990262, 40.584619], [-73.995472, 40.58221], [-73.996055, 40.582129], [-74.000179, 40.583074], [-74.000417, 40.583546], [-74.00036, 40.584186], [-73.998788, 40.585153], [-73.998085, 40.585365], [-73.998089, 40.585471], [-73.999706, 40.58569], [-73.999526, 40.585759], [-73.999565, 40.586244], [-73.998145, 40.586532], [-73.994173, 40.588383], [-73.995599, 40.587842], [-73.995661, 40.587936], [-73.994079, 40.588693], [-73.994216, 40.588869], [-73.995563, 40.588277], [-73.995099, 40.588593], [-73.997956, 40.58727], [-73.994877, 40.588772], [-73.995347, 40.589331], [-74.000114, 40.586952], [-74.000109, 40.586561], [-74.000374, 40.586475], [-74.000489, 40.587043], [-74.000382, 40.587133], [-73.997883, 40.588343], [-73.998673, 40.589196], [-73.999237, 40.588935], [-73.999464, 40.589233], [-73.998378, 40.58977], [-73.998836, 40.589625], [-73.998444, 40.58986], [-73.998778, 40.590314], [-73.998443, 40.59024], [-73.99776, 40.590952], [-73.997112, 40.591278], [-73.99719, 40.591606], [-73.998064, 40.591209], [-73.998129, 40.591289], [-73.997283, 40.591715], [-73.997549, 40.591918], [-73.999168, 40.591149], [-73.999573, 40.591093], [-74.000043, 40.591204], [-74.000231, 40.591478], [-73.999012, 40.592335], [-73.999483, 40.592969], [-73.998388, 40.593531], [-73.998544, 40.593597], [-74.001057, 40.592537], [-74.001933, 40.593895], [-74.001844, 40.593978], [-74.003634, 40.596081], [-74.005526, 40.597539], [-74.009217, 40.599844], [-74.010901, 40.600716], [-74.01237, 40.601349], [-74.014784, 40.602082], [-74.016526, 40.602399], [-74.018323, 40.602418], [-74.019136, 40.602613], [-74.019748, 40.603085], [-74.021017, 40.603556], [-74.030051, 40.604759], [-74.032707, 40.606331], [-74.034273, 40.607717], [-74.03487, 40.608582], [-74.03604, 40.609296], [-74.036916, 40.611181], [-74.039206, 40.61344], [-74.040234, 40.615028], [-74.041617, 40.620563], [-74.04171, 40.623305], [-74.041895, 40.624299], [-74.041087, 40.630099], [-74.036807, 40.638984], [-74.038763, 40.639588], [-74.038688, 40.639738], [-74.036725, 40.639141], [-74.035713, 40.64064], [-74.036758, 40.641612], [-74.034073, 40.644314], [-74.032843, 40.643564], [-74.032621, 40.643765], [-74.032311, 40.643575], [-74.032235, 40.643643], [-74.032542, 40.643825], [-74.032269, 40.644074], [-74.031897, 40.643889], [-74.030518, 40.645274], [-74.029081, 40.644404], [-74.028998, 40.644472], [-74.029154, 40.644581], [-74.028862, 40.644866], [-74.029087, 40.644583], [-74.028501, 40.644178], [-74.028191, 40.644414], [-74.028457, 40.644156], [-74.028206, 40.644016], [-74.026049, 40.646261], [-74.029741, 40.648486], [-74.02939, 40.648804], [-74.025718, 40.646615], [-74.025162, 40.647139], [-74.02484, 40.646944], [-74.024674, 40.647095], [-74.026297, 40.648169], [-74.026221, 40.648248], [-74.024883, 40.647411], [-74.024684, 40.647606], [-74.024355, 40.647399], [-74.024146, 40.647615], [-74.025129, 40.648323], [-74.024968, 40.648606], [-74.025539, 40.649782], [-74.024844, 40.6506], [-74.025206, 40.650818], [-74.025416, 40.650619], [-74.026051, 40.650994], [-74.02553, 40.651479], [-74.024911, 40.651106], [-74.025103, 40.650893], [-74.024772, 40.650688], [-74.02424, 40.651134], [-74.025501, 40.65184], [-74.025416, 40.651934], [-74.024178, 40.651192], [-74.023594, 40.651316], [-74.02306, 40.650974], [-74.022851, 40.651169], [-74.025369, 40.652721], [-74.025227, 40.65283], [-74.021541, 40.650672], [-74.021247, 40.650835], [-74.021392, 40.650968], [-74.021127, 40.650943], [-74.021052, 40.651098], [-74.022337, 40.651911], [-74.022252, 40.651982], [-74.020983, 40.651157], [-74.020899, 40.651247], [-74.023807, 40.653045], [-74.023594, 40.653216], [-74.021959, 40.652223], [-74.021622, 40.65232], [-74.021187, 40.65284], [-74.023205, 40.654096], [-74.023062, 40.654233], [-74.022102, 40.653588], [-74.021629, 40.653645], [-74.02115, 40.654211], [-74.021825, 40.654656], [-74.021645, 40.654879], [-74.020895, 40.654434], [-74.02064, 40.654439], [-74.020475, 40.654217], [-74.019192, 40.654023], [-74.018727, 40.653474], [-74.018119, 40.653885], [-74.020256, 40.655118], [-74.020052, 40.655336], [-74.017874, 40.654062], [-74.017153, 40.654775], [-74.019801, 40.656487], [-74.019706, 40.656581], [-74.017267, 40.655194], [-74.016916, 40.655483], [-74.01665, 40.655339], [-74.016394, 40.655621], [-74.019108, 40.657369], [-74.018606, 40.657846], [-74.015854, 40.656213], [-74.015436, 40.656632], [-74.017742, 40.658099], [-74.017666, 40.658186], [-74.017866, 40.658308], [-74.017685, 40.658453], [-74.015047, 40.65695], [-74.014421, 40.657608], [-74.017458, 40.65945], [-74.015542, 40.660758], [-74.014004, 40.659812], [-74.013663, 40.660029], [-74.011839, 40.658913], [-74.011108, 40.659706], [-74.014022, 40.66153], [-74.013156, 40.661982], [-74.012654, 40.661982], [-74.0086, 40.659521], [-74.007459, 40.660558], [-74.010372, 40.662399], [-74.010463, 40.662642], [-74.009551, 40.663268], [-74.008684, 40.663372], [-74.006161, 40.661845], [-74.005686, 40.662275], [-74.004284, 40.661445], [-74.004146, 40.661562], [-74.006227, 40.662788], [-74.005924, 40.663108], [-74.003808, 40.661908], [-74.003488, 40.662241], [-74.004555, 40.662816], [-74.004733, 40.662497], [-74.005358, 40.662869], [-74.004972, 40.663068], [-74.005192, 40.663202], [-74.00538, 40.662884], [-74.005997, 40.663259], [-74.005613, 40.663458], [-74.007674, 40.664791], [-74.007305, 40.664598], [-74.007125, 40.664915], [-74.006525, 40.664547], [-74.006882, 40.66434], [-74.006629, 40.664188], [-74.00645, 40.664506], [-74.005842, 40.664138], [-74.006203, 40.66393], [-74.006046, 40.66384], [-74.005758, 40.663923], [-74.005849, 40.664503], [-74.005641, 40.664531], [-74.00565, 40.6639], [-74.003629, 40.662735], [-74.003403, 40.662986], [-74.004592, 40.663735], [-74.004323, 40.664052], [-74.005281, 40.664657], [-74.004862, 40.665065], [-74.001135, 40.662902], [-74.000494, 40.663314], [-73.999532, 40.664397], [-74.002925, 40.666462], [-74.00224, 40.666794], [-74.00162, 40.666766], [-74.001206, 40.667018], [-74.001465, 40.66717], [-74.000688, 40.667546], [-73.999981, 40.66745], [-73.999026, 40.668443], [-73.999026, 40.669008], [-73.99924, 40.668306], [-73.999079, 40.669038], [-73.998656, 40.669515], [-73.998912, 40.669649], [-73.998558, 40.671336], [-73.998769, 40.671602], [-74.000303, 40.668717], [-74.001057, 40.668946], [-74.001415, 40.668359], [-74.002215, 40.668579], [-74.002895, 40.667348], [-74.003191, 40.667263], [-74.003695, 40.667428], [-74.00363, 40.667568], [-74.005102, 40.667976], [-74.005864, 40.667994], [-74.006832, 40.66605], [-74.006967, 40.666052], [-74.004754, 40.670721], [-74.005439, 40.670921], [-74.007548, 40.667052], [-74.007797, 40.66716], [-74.007087, 40.668591], [-74.009854, 40.668524], [-74.01154, 40.665086], [-74.015749, 40.664568], [-74.016903, 40.664847], [-74.017887, 40.66585], [-74.018576, 40.670392], [-74.018763, 40.671076], [-74.019339, 40.671625], [-74.018883, 40.671602], [-74.01751, 40.671035], [-74.016688, 40.665437], [-74.016487, 40.664931], [-74.016026, 40.664863], [-74.015937, 40.665471], [-74.01228, 40.665732], [-74.010877, 40.668602], [-74.010357, 40.668643], [-74.010338, 40.669078], [-74.01091, 40.66919], [-74.010873, 40.66971], [-74.011543, 40.669784], [-74.011625, 40.670581], [-74.014249, 40.669729], [-74.011754, 40.670658], [-74.012078, 40.670934], [-74.01262, 40.670842], [-74.013552, 40.671257], [-74.013936, 40.671179], [-74.014274, 40.671379], [-74.01508, 40.670686], [-74.0152, 40.670754], [-74.013873, 40.671881], [-74.014233, 40.67213], [-74.015596, 40.67097], [-74.015686, 40.671039], [-74.012976, 40.673328], [-74.013364, 40.673592], [-74.015119, 40.672157], [-74.016321, 40.672908], [-74.014579, 40.674414], [-74.014964, 40.674678], [-74.018168, 40.671939], [-74.018801, 40.672251], [-74.017271, 40.673609], [-74.017752, 40.674048], [-74.018011, 40.673913], [-74.017802, 40.674095], [-74.018176, 40.674464], [-74.017834, 40.675258], [-74.018298, 40.675459], [-74.018412, 40.675365], [-74.018182, 40.675291], [-74.018393, 40.675108], [-74.018519, 40.675274], [-74.018881, 40.675092], [-74.018409, 40.675524], [-74.018503, 40.675842], [-74.018018, 40.67589], [-74.017912, 40.67651], [-74.019769, 40.676613], [-74.019952, 40.677103], [-74.019083, 40.67714], [-74.019177, 40.677827], [-74.01843, 40.677908], [-74.018411, 40.678407], [-74.019663, 40.678388], [-74.018253, 40.678553], [-74.018579, 40.678983], [-74.01954, 40.678968], [-74.019281, 40.679648], [-74.017725, 40.680662], [-74.017469, 40.680615], [-74.015201, 40.681979], [-74.015321, 40.682111], [-74.01282, 40.683622], [-74.012135, 40.682906], [-74.014105, 40.681713], [-74.013609, 40.681222], [-74.013874, 40.68101], [-74.013018, 40.680412], [-74.009671, 40.683269], [-74.010773, 40.684359], [-74.011783, 40.68376], [-74.011933, 40.683888], [-74.007982, 40.686276], [-74.00702, 40.686526], [-74.005882, 40.686196], [-74.00563, 40.686784], [-74.004593, 40.688215], [-74.00382, 40.68893], [-74.002976, 40.690427], [-74.001963, 40.690136], [-74.001853, 40.690388], [-74.000962, 40.690129], [-74.000699, 40.690612], [-74.001969, 40.691843], [-74.001744, 40.692407], [-74.000959, 40.694069], [-73.999413, 40.696358], [-73.999474, 40.696704], [-73.998872, 40.696924], [-73.998765, 40.697121], [-73.998871, 40.697158], [-73.997499, 40.699639], [-73.997161, 40.699793], [-73.997245, 40.700141], [-73.995046, 40.703132], [-73.994663, 40.703431], [-73.994995, 40.703651], [-73.994714, 40.703997], [-73.994776, 40.704246], [-73.99457, 40.704376], [-73.993863, 40.704556], [-73.993775, 40.704449], [-73.993509, 40.704624], [-73.992127, 40.70469], [-73.992121, 40.704396], [-73.991862, 40.704087], [-73.990948, 40.704032], [-73.990227, 40.704934], [-73.988303, 40.70454], [-73.98829, 40.705071], [-73.987957, 40.705134], [-73.986863, 40.70516], [-73.98653, 40.704979], [-73.986434, 40.705349], [-73.983438, 40.705644], [-73.983368, 40.705461], [-73.982742, 40.705572], [-73.980925, 40.705369], [-73.980909, 40.705908], [-73.979559, 40.705744], [-73.97905, 40.705967], [-73.978931, 40.705925], [-73.979061, 40.705946], [-73.979245, 40.705548], [-73.978964, 40.705502], [-73.978819, 40.705862], [-73.978928, 40.705496], [-73.978738, 40.705463], [-73.978639, 40.705831], [-73.978684, 40.705454], [-73.978645, 40.705591], [-73.978466, 40.705562], [-73.978392, 40.705971], [-73.978853, 40.706066], [-73.978345, 40.706], [-73.978532, 40.704877], [-73.978021, 40.704291], [-73.977212, 40.704214], [-73.977512, 40.703197], [-73.977136, 40.703006], [-73.976239, 40.704776], [-73.975961, 40.704716], [-73.976927, 40.702798], [-73.976159, 40.702171], [-73.975535, 40.703043], [-73.97533, 40.702952], [-73.976006, 40.701946], [-73.975501, 40.701758], [-73.975403, 40.701911], [-73.97455, 40.70159], [-73.975817, 40.699737], [-73.975735, 40.69957], [-73.975376, 40.699601], [-73.974115, 40.701305], [-73.972926, 40.700295], [-73.972573, 40.700082], [-73.972392, 40.700166], [-73.973757, 40.701534], [-73.973187, 40.70167], [-73.971138, 40.699918], [-73.970782, 40.699979], [-73.973325, 40.702413], [-73.972835, 40.702729], [-73.969826, 40.700245], [-73.969487, 40.700519], [-73.972839, 40.703346], [-73.972669, 40.703501], [-73.969245, 40.701365], [-73.968935, 40.701616], [-73.968985, 40.701747], [-73.972312, 40.703845], [-73.972158, 40.70397], [-73.971457, 40.703509], [-73.971103, 40.70346], [-73.970933, 40.703625], [-73.97102, 40.703816], [-73.974656, 40.706074], [-73.974391, 40.706326], [-73.973476, 40.705686], [-73.972549, 40.706204], [-73.97463, 40.707681], [-73.974236, 40.708024], [-73.971225, 40.70579], [-73.971097, 40.70585], [-73.971057, 40.706946], [-73.972758, 40.708831], [-73.97232, 40.709083], [-73.970262, 40.706888], [-73.970489, 40.705401], [-73.970169, 40.705362], [-73.970181, 40.704929], [-73.967621, 40.703349], [-73.967515, 40.703437], [-73.967477, 40.70395], [-73.969297, 40.705088], [-73.969293, 40.707093], [-73.969849, 40.708003], [-73.969941, 40.70931], [-73.969557, 40.710296], [-73.97001, 40.710454], [-73.969731, 40.710513], [-73.969634, 40.710665], [-73.96975, 40.710833], [-73.969349, 40.710961], [-73.969763, 40.711173], [-73.969258, 40.711162], [-73.969426, 40.711473], [-73.969115, 40.711512], [-73.968809, 40.712256], [-73.968945, 40.712427], [-73.968796, 40.712737], [-73.96847, 40.712825], [-73.968499, 40.713103], [-73.968842, 40.713224], [-73.967244, 40.716585], [-73.967114, 40.716898], [-73.967268, 40.716986], [-73.966353, 40.718304], [-73.966242, 40.718252], [-73.965879, 40.718755], [-73.965154, 40.71927], [-73.965547, 40.719659], [-73.965374, 40.720094], [-73.965137, 40.720344], [-73.964464, 40.720065], [-73.964356, 40.720163], [-73.96448, 40.720233], [-73.963539, 40.721573], [-73.962966, 40.722034], [-73.961894, 40.724107], [-73.96166, 40.72486], [-73.962115, 40.725148], [-73.961902, 40.725321], [-73.961537, 40.725109], [-73.961164, 40.725265], [-73.958331, 40.724412], [-73.958039, 40.724427], [-73.957942, 40.724649], [-73.957951, 40.725036], [-73.958352, 40.725198], [-73.958426, 40.725401], [-73.960125, 40.72532], [-73.960285, 40.725948], [-73.961615, 40.725866], [-73.961617, 40.726661], [-73.960996, 40.728769], [-73.961432, 40.730965], [-73.961716, 40.73157], [-73.961909, 40.731651], [-73.962263, 40.732916], [-73.962285, 40.734048], [-73.961575, 40.73518], [-73.959829, 40.737061], [-73.958375, 40.738097], [-73.95693, 40.738887], [-73.954396, 40.739115]], [[-73.903944, 40.624816], [-73.903295, 40.6245], [-73.903218, 40.624582], [-73.903801, 40.624941], [-73.903944, 40.624816]]]]}}, {"type": "Feature", "properties": {"name": "Manhattan"}, "geometry": {"type": "MultiPolygon", "coordinates": [[[[-74.008164, 40.686175], [-74.011933, 40.683888], [-74.012176, 40.684095], [-74.008354, 40.6864], [-74.008164, 40.686175]]], [[[-74.005004, 40.687606], [-74.00563, 40.686784], [-74.007833, 40.687385], [-74.00742, 40.688206], [-74.005004, 40.687606]]], [[[-74.00382, 40.68893], [-74.004593, 40.688215], [-74.006784, 40.688827], [-74.006365, 40.68967], [-74.00382, 40.68893]]], [[[-74.002976, 40.690427], [-74.003409, 40.689613], [-74.005759, 40.690236], [-74.005342, 40.691092], [-74.002976, 40.690427]]], [[[-74.043878, 40.690188], [-74.043506, 40.689687], [-74.042704, 40.690155], [-74.042554, 40.689963], [-74.043468, 40.689637], [-74.043641, 40.688767], [-74.044385, 40.688516], [-74.046275, 40.689327], [-74.046803, 40.689953], [-74.047477, 40.689611], [-74.04773, 40.689915], [-74.047586, 40.689983], [-74.047431, 40.689804], [-74.046892, 40.690059], [-74.0472, 40.690425], [-74.04717, 40.690991], [-74.046147, 40.691123], [-74.043878, 40.690188]]], [[[-74.001969, 40.691843], [-74.000699, 40.690612], [-74.004794, 40.691762], [-74.004409, 40.692529], [-74.001969, 40.691843]]], [[[-74.016748, 40.693343], [-74.015404, 40.693066], [-74.015389, 40.693298], [-74.015175, 40.693257], [-74.01526, 40.693037], [-74.015124, 40.693258], [-74.014931, 40.693156], [-74.015156, 40.693016], [-74.014221, 40.692823], [-74.013436, 40.692115], [-74.012503, 40.692304], [-74.012297, 40.692568], [-74.011812, 40.692479], [-74.011757, 40.692264], [-74.011903, 40.692091], [-74.012201, 40.692045], [-74.012461, 40.692213], [-74.013333, 40.69202], [-74.012609, 40.691364], [-74.012034, 40.691503], [-74.012598, 40.691334], [-74.012528, 40.691146], [-74.011826, 40.691065], [-74.012195, 40.691029], [-74.01221, 40.690792], [-74.011972, 40.690771], [-74.011981, 40.690606], [-74.012231, 40.690461], [-74.012307, 40.68928], [-74.013169, 40.688155], [-74.014881, 40.687255], [-74.016047, 40.687338], [-74.01705, 40.686876], [-74.016647, 40.686416], [-74.015144, 40.686437], [-74.016674, 40.686305], [-74.01753, 40.685363], [-74.017623, 40.68541], [-74.016781, 40.686349], [-74.017121, 40.686843], [-74.020544, 40.685272], [-74.020207, 40.684834], [-74.019398, 40.685087], [-74.020953, 40.684384], [-74.020278, 40.684809], [-74.020613, 40.68524], [-74.022594, 40.68436], [-74.022133, 40.683768], [-74.023056, 40.682917], [-74.023195, 40.683], [-74.022368, 40.68378], [-74.022759, 40.684284], [-74.023542, 40.684003], [-74.024648, 40.683979], [-74.025672, 40.684236], [-74.026334, 40.684802], [-74.026628, 40.685527], [-74.026426, 40.686175], [-74.020205, 40.692034], [-74.019733, 40.693114], [-74.016748, 40.693343]]], [[[-74.00127, 40.693296], [-74.001744, 40.692407], [-74.004008, 40.693208], [-74.003462, 40.694057], [-74.00127, 40.693296]]], [[[-74.000269, 40.694966], [-74.000959, 40.694069], [-74.003014, 40.694778], [-74.002398, 40.695712], [-74.000269, 40.694966]]], [[[-74.000431, 40.697052], [-73.999593, 40.696782], [-73.999554, 40.696945], [-73.999407, 40.696885], [-73.999524, 40.696575], [-74.000489, 40.696926], [-74.000431, 40.697052]]], [[[-73.998378, 40.698063], [-73.998871, 40.697158], [-74.001049, 40.697908], [-74.000488, 40.698758], [-73.998378, 40.698063]]], [[[-73.997499, 40.699639], [-73.998021, 40.698762], [-74.000018, 40.699466], [-73.999475, 40.700323], [-73.997499, 40.699639]]], [[[-74.03995, 40.700891], [-74.037711, 40.699344], [-74.038098, 40.69904], [-74.03823, 40.698369], [-74.039, 40.69837], [-74.03934, 40.698116], [-74.041243, 40.699537], [-74.041748, 40.699148], [-74.039912, 40.697702], [-74.041661, 40.696453], [-74.043674, 40.69802], [-74.042704, 40.698801], [-74.042965, 40.698999], [-74.041099, 40.700493], [-74.040801, 40.700269], [-74.040313, 40.700626], [-74.040536, 40.700782], [-74.040288, 40.700644], [-74.03995, 40.700891]]], [[[-73.995138, 40.702974], [-73.996698, 40.700877], [-73.998139, 40.701519], [-73.996192, 40.703377], [-73.995138, 40.702974]]], [[[-73.995021, 40.703148], [-73.995446, 40.703275], [-73.995293, 40.703554], [-73.9948, 40.703292], [-73.995021, 40.703148]]], [[[-73.994769, 40.703953], [-73.994882, 40.703788], [-73.995029, 40.703808], [-73.994882, 40.704009], [-73.994769, 40.703953]]], [[[-73.982373, 40.705543], [-73.982423, 40.705822], [-73.981024, 40.705899], [-73.981017, 40.705798], [-73.982302, 40.705737], [-73.982373, 40.705543]]], [[[-73.967151, 40.718316], [-73.966562, 40.718016], [-73.967307, 40.718313], [-73.967182, 40.718483], [-73.967069, 40.718439], [-73.967151, 40.718316]]], [[[-73.966543, 40.719223], [-73.965858, 40.718773], [-73.96663, 40.719132], [-73.966543, 40.719223]]], [[[-73.964351, 40.720404], [-73.964398, 40.720297], [-73.964683, 40.72047], [-73.964593, 40.720545], [-73.964351, 40.720404]]], [[[-73.963998, 40.720938], [-73.964088, 40.720756], [-73.965049, 40.721357], [-73.964894, 40.721475], [-73.963998, 40.720938]]], [[[-73.962366, 40.724209], [-73.962007, 40.723992], [-73.962073, 40.72388], [-73.962468, 40.724132], [-73.962366, 40.724209]]], [[[-73.962304, 40.733114], [-73.962263, 40.732916], [-73.963677, 40.73292], [-73.963661, 40.732799], [-73.964031, 40.732758], [-73.964088, 40.732919], [-73.962304, 40.733114]]], [[[-73.96163, 40.740459], [-73.96126, 40.740333], [-73.961642, 40.740356], [-73.96163, 40.740459]]], [[[-73.96416, 40.746866], [-73.964445, 40.74641], [-73.964583, 40.746454], [-73.96416, 40.746866]]], [[[-73.941118, 40.769414], [-73.942855, 40.768303], [-73.949432, 40.760549], [-73.951778, 40.758403], [-73.952541, 40.757095], [-73.955195, 40.754775], [-73.957915, 40.75211], [-73.95904, 40.751392], [-73.961174, 40.749498], [-73.961583, 40.749414], [-73.961551, 40.749774], [-73.961111, 40.7506], [-73.960011, 40.751832], [-73.959501, 40.752956], [-73.959016, 40.753595], [-73.958458, 40.753949], [-73.953391, 40.759797], [-73.953125, 40.760053], [-73.952978, 40.759962], [-73.952086, 40.760862], [-73.950937, 40.76257], [-73.949972, 40.763646], [-73.949086, 40.764264], [-73.945845, 40.768321], [-73.945704, 40.768328], [-73.945481, 40.768625], [-73.945627, 40.768693], [-73.945563, 40.768802], [-73.945245, 40.768773], [-73.944725, 40.769786], [-73.942127, 40.772035], [-73.940887, 40.772373], [-73.940275, 40.772947], [-73.940077, 40.772926], [-73.940282, 40.772301], [-73.9402, 40.771128], [-73.940355, 40.770497], [-73.941118, 40.769414]]], [[[-73.938046, 40.78083], [-73.937794, 40.780781], [-73.937799, 40.781031], [-73.937646, 40.781001], [-73.937599, 40.780468], [-73.938238, 40.780259], [-73.938612, 40.780339], [-73.939584, 40.779576], [-73.939493, 40.779874], [-73.938728, 40.780511], [-73.93884, 40.780599], [-73.938744, 40.781044], [-73.938082, 40.781418], [-73.937968, 40.781289], [-73.938046, 40.78083]]], [[[-73.921911, 40.801503], [-73.920315, 40.799375], [-73.91663, 40.797858], [-73.915455, 40.797063], [-73.914438, 40.795666], [-73.913804, 40.794512], [-73.913784, 40.793836], [-73.915141, 40.792012], [-73.916306, 40.791117], [-73.916171, 40.791014], [-73.916865, 40.790362], [-73.917106, 40.790469], [-73.918563, 40.789695], [-73.918509, 40.789425], [-73.922188, 40.785509], [-73.922852, 40.783556], [-73.924481, 40.78232], [-73.925718, 40.782177], [-73.927324, 40.781091], [-73.928101, 40.78092], [-73.931054, 40.782397], [-73.935023, 40.783006], [-73.935813, 40.78371], [-73.936071, 40.784217], [-73.935713, 40.78568], [-73.932707, 40.789167], [-73.932407, 40.789719], [-73.932243, 40.789693], [-73.930842, 40.790991], [-73.929724, 40.791366], [-73.928073, 40.790823], [-73.926104, 40.790732], [-73.92616, 40.791716], [-73.926569, 40.791859], [-73.925588, 40.791822], [-73.926739, 40.791929], [-73.926368, 40.791662], [-73.926488, 40.791022], [-73.927869, 40.790955], [-73.927894, 40.791091], [-73.927136, 40.791929], [-73.927801, 40.791997], [-73.928267, 40.792329], [-73.928323, 40.793102], [-73.927353, 40.794462], [-73.926936, 40.795497], [-73.92689, 40.796252], [-73.927118, 40.797204], [-73.927185, 40.79735], [-73.927707, 40.797299], [-73.927203, 40.797387], [-73.927439, 40.797711], [-73.927476, 40.798123], [-73.926883, 40.799941], [-73.926696, 40.800147], [-73.927248, 40.800393], [-73.927115, 40.800564], [-73.927169, 40.800406], [-73.926666, 40.800183], [-73.926554, 40.800315], [-73.926743, 40.800403], [-73.926538, 40.800334], [-73.926685, 40.800455], [-73.926552, 40.800605], [-73.926869, 40.800784], [-73.927046, 40.800652], [-73.926886, 40.800841], [-73.92651, 40.800657], [-73.925776, 40.801731], [-73.925275, 40.801999], [-73.922634, 40.801869], [-73.921911, 40.801503]]], [[[-73.926406, 40.877621], [-73.926295, 40.877488], [-73.926458, 40.877258], [-73.926193, 40.877064], [-73.925553, 40.877103], [-73.925082, 40.877398], [-73.92457, 40.877429], [-73.923295, 40.877264], [-73.922398, 40.87678], [-73.922445, 40.875692], [-73.922668, 40.874982], [-73.922614, 40.874407], [-73.922177, 40.873675], [-73.921255, 40.873082], [-73.920556, 40.872999], [-73.920134, 40.873193], [-73.919793, 40.873607], [-73.920627, 40.874235], [-73.920803, 40.874194], [-73.9207, 40.874392], [-73.921182, 40.875138], [-73.920876, 40.875464], [-73.918862, 40.874643], [-73.919193, 40.874195], [-73.919295, 40.87365], [-73.918929, 40.873317], [-73.9185, 40.873192], [-73.918397, 40.873232], [-73.918612, 40.873473], [-73.917929, 40.873979], [-73.917577, 40.874549], [-73.917871, 40.873905], [-73.916448, 40.874495], [-73.915685, 40.874528], [-73.912502, 40.873728], [-73.911175, 40.872985], [-73.910649, 40.872296], [-73.910426, 40.871485], [-73.910724, 40.870949], [-73.910925, 40.869437], [-73.911474, 40.869455], [-73.911031, 40.869155], [-73.911076, 40.869043], [-73.911328, 40.868802], [-73.911848, 40.867673], [-73.912732, 40.866605], [-73.912548, 40.866515], [-73.913919, 40.864746], [-73.914924, 40.86458], [-73.91454, 40.864412], [-73.914411, 40.864174], [-73.915074, 40.864447], [-73.915899, 40.864308], [-73.915871, 40.864129], [-73.915196, 40.863945], [-73.915176, 40.86368], [-73.915477, 40.863346], [-73.915387, 40.863084], [-73.917295, 40.861679], [-73.918434, 40.860222], [-73.918393, 40.86008], [-73.918778, 40.859547], [-73.919439, 40.858855], [-73.920461, 40.859103], [-73.919847, 40.858844], [-73.919774, 40.858795], [-73.920479, 40.859104], [-73.921271, 40.860188], [-73.92159, 40.860073], [-73.921866, 40.859181], [-73.921256, 40.858847], [-73.920939, 40.858121], [-73.920624, 40.858017], [-73.920484, 40.858233], [-73.920365, 40.858165], [-73.920473, 40.858195], [-73.920565, 40.857883], [-73.920773, 40.857941], [-73.920631, 40.857796], [-73.920706, 40.857701], [-73.921014, 40.857839], [-73.920755, 40.857557], [-73.920982, 40.857612], [-73.9209, 40.857494], [-73.921049, 40.857382], [-73.921121, 40.857537], [-73.92152, 40.857349], [-73.921559, 40.857089], [-73.922377, 40.856584], [-73.922345, 40.855682], [-73.921698, 40.856672], [-73.921519, 40.856601], [-73.924441, 40.85284], [-73.929719, 40.845232], [-73.930895, 40.842538], [-73.934915, 40.835231], [-73.935157, 40.832682], [-73.934424, 40.827043], [-73.933972, 40.81973], [-73.93383, 40.81972], [-73.933829, 40.815585], [-73.933946, 40.815588], [-73.934015, 40.814484], [-73.933857, 40.814481], [-73.933865, 40.814153], [-73.934339, 40.809562], [-73.934121, 40.808656], [-73.933561, 40.807601], [-73.931159, 40.804967], [-73.930309, 40.803786], [-73.929208, 40.801148], [-73.929035, 40.801081], [-73.928902, 40.799855], [-73.929036, 40.796763], [-73.929279, 40.795853], [-73.930197, 40.794593], [-73.933485, 40.792774], [-73.935831, 40.791095], [-73.937081, 40.789366], [-73.936127, 40.788927], [-73.936243, 40.788796], [-73.93715, 40.789168], [-73.938116, 40.787185], [-73.939826, 40.785257], [-73.942435, 40.783918], [-73.94324, 40.783328], [-73.943648, 40.782656], [-73.943871, 40.781273], [-73.943214, 40.779318], [-73.943004, 40.779639], [-73.942716, 40.779544], [-73.942712, 40.779215], [-73.942536, 40.779091], [-73.942893, 40.778614], [-73.942438, 40.777315], [-73.942074, 40.776918], [-73.942003, 40.776185], [-73.94293, 40.774676], [-73.948664, 40.768858], [-73.95007, 40.767025], [-73.954418, 40.762184], [-73.959173, 40.757865], [-73.960656, 40.755923], [-73.962231, 40.754522], [-73.968174, 40.747667], [-73.968365, 40.747433], [-73.968232, 40.747368], [-73.968943, 40.746518], [-73.969876, 40.745445], [-73.969974, 40.745496], [-73.970788, 40.744406], [-73.970941, 40.744471], [-73.971125, 40.74419], [-73.970703, 40.74399], [-73.971173, 40.744108], [-73.971358, 40.743838], [-73.971205, 40.743772], [-73.971281, 40.743652], [-73.971085, 40.743664], [-73.971267, 40.74339], [-73.971356, 40.74354], [-73.971889, 40.742725], [-73.971741, 40.742664], [-73.97196, 40.742338], [-73.97229, 40.740721], [-73.972168, 40.740693], [-73.972196, 40.740403], [-73.972657, 40.739223], [-73.97249, 40.735803], [-73.972869, 40.735771], [-73.974414, 40.736414], [-73.97446, 40.736294], [-73.974027, 40.736126], [-73.974466, 40.736278], [-73.974504, 40.736065], [-73.974141, 40.735956], [-73.974505, 40.736042], [-73.974515, 40.735895], [-73.974245, 40.735781], [-73.974469, 40.735799], [-73.974465, 40.735668], [-73.974145, 40.735673], [-73.973057, 40.735177], [-73.972807, 40.735524], [-73.97293, 40.735608], [-73.972763, 40.735505], [-73.972945, 40.735065], [-73.973299, 40.735242], [-73.973296, 40.735041], [-73.973545, 40.734944], [-73.974437, 40.735316], [-73.973959, 40.733421], [-73.973857, 40.733216], [-73.973676, 40.733206], [-73.973872, 40.733095], [-73.973413, 40.731282], [-73.971963, 40.73], [-73.97148, 40.72925], [-73.971427, 40.728486], [-73.971685, 40.727406], [-73.97149, 40.72735], [-73.973513, 40.718775], [-73.974893, 40.715152], [-73.97605, 40.712604], [-73.976712, 40.711536], [-73.977997, 40.710561], [-73.981277, 40.710217], [-73.981237, 40.709823], [-73.988391, 40.709127], [-73.988637, 40.709912], [-73.988797, 40.709967], [-73.994141, 40.709233], [-73.998084, 40.70851], [-74.001187, 40.70686], [-74.000983, 40.706417], [-74.001407, 40.706179], [-74.000583, 40.705434], [-74.001437, 40.704872], [-74.002061, 40.705417], [-74.00257, 40.705524], [-74.002685, 40.705449], [-74.00197, 40.704731], [-74.002172, 40.704607], [-74.002431, 40.704678], [-74.002387, 40.704796], [-74.003323, 40.705629], [-74.003632, 40.70543], [-74.002878, 40.704831], [-74.002972, 40.704766], [-74.003644, 40.705422], [-74.004383, 40.705113], [-74.004267, 40.705012], [-74.00459, 40.704788], [-74.003496, 40.703797], [-74.00372, 40.703654], [-74.004806, 40.704642], [-74.005188, 40.704421], [-74.004926, 40.704212], [-74.005212, 40.704406], [-74.00535, 40.70431], [-74.004157, 40.703232], [-74.004273, 40.703016], [-74.005663, 40.704104], [-74.006596, 40.703686], [-74.005304, 40.70256], [-74.005494, 40.702431], [-74.005535, 40.702646], [-74.005675, 40.702584], [-74.006785, 40.703568], [-74.009309, 40.701955], [-74.0087, 40.70114], [-74.007755, 40.701548], [-74.007591, 40.701328], [-74.008536, 40.70092], [-74.008349, 40.700669], [-74.00862, 40.700552], [-74.009601, 40.701865], [-74.011167, 40.701477], [-74.011096, 40.701275], [-74.01129, 40.70125], [-74.010815, 40.7002], [-74.01115, 40.700898], [-74.011358, 40.700852], [-74.011334, 40.700568], [-74.011503, 40.700815], [-74.011729, 40.70077], [-74.011631, 40.700458], [-74.011854, 40.700739], [-74.012087, 40.700681], [-74.011857, 40.700107], [-74.011962, 40.700038], [-74.012392, 40.700621], [-74.012594, 40.700571], [-74.012614, 40.700108], [-74.012909, 40.700524], [-74.013107, 40.700507], [-74.013012, 40.699818], [-74.013113, 40.699774], [-74.013273, 40.700497], [-74.013486, 40.700478], [-74.013533, 40.700108], [-74.013675, 40.700126], [-74.01353, 40.700311], [-74.013558, 40.70094], [-74.013952, 40.700991], [-74.014221, 40.700111], [-74.014152, 40.700578], [-74.014289, 40.700644], [-74.014671, 40.70021], [-74.014324, 40.700661], [-74.014643, 40.700817], [-74.015068, 40.700318], [-74.014674, 40.700835], [-74.015021, 40.700993], [-74.015142, 40.700843], [-74.017145, 40.702705], [-74.017648, 40.703495], [-74.01757, 40.704184], [-74.017795, 40.704235], [-74.017751, 40.704055], [-74.017818, 40.703938], [-74.017955, 40.703976], [-74.017844, 40.704242], [-74.018448, 40.704162], [-74.018668, 40.704435], [-74.017481, 40.704667], [-74.018113, 40.704554], [-74.018887, 40.704729], [-74.019343, 40.706094], [-74.019123, 40.706976], [-74.018631, 40.70714], [-74.018849, 40.70697], [-74.018535, 40.706918], [-74.01819, 40.707822], [-74.018855, 40.708048], [-74.01777, 40.712835], [-74.0178, 40.712345], [-74.016624, 40.712157], [-74.016618, 40.712756], [-74.01632, 40.713408], [-74.017544, 40.713611], [-74.017725, 40.71307], [-74.01671, 40.718624], [-74.013213, 40.718316], [-74.013068, 40.718922], [-74.012914, 40.719708], [-74.013447, 40.719782], [-74.013389, 40.720043], [-74.014524, 40.720187], [-74.014523, 40.720532], [-74.012966, 40.720329], [-74.012869, 40.720834], [-74.013239, 40.720888], [-74.013159, 40.721253], [-74.01308, 40.721546], [-74.012539, 40.721503], [-74.011653, 40.725872], [-74.015204, 40.726362], [-74.015124, 40.726794], [-74.011542, 40.726447], [-74.011383, 40.728229], [-74.014391, 40.728463], [-74.014038, 40.730694], [-74.011162, 40.730451], [-74.010941, 40.73302], [-74.014002, 40.733068], [-74.014, 40.733332], [-74.010904, 40.733298], [-74.010734, 40.733443], [-74.01087, 40.733593], [-74.010833, 40.734007], [-74.012018, 40.734064], [-74.012001, 40.734338], [-74.010814, 40.734283], [-74.010477, 40.738064], [-74.011087, 40.738093], [-74.011139, 40.73839], [-74.010454, 40.738365], [-74.010393, 40.739174], [-74.01158, 40.739265], [-74.011527, 40.739874], [-74.011613, 40.739708], [-74.012369, 40.739752], [-74.01231, 40.740195], [-74.011577, 40.74016], [-74.011515, 40.739973], [-74.011461, 40.740584], [-74.012157, 40.740606], [-74.012659, 40.740748], [-74.009492, 40.740743], [-74.009411, 40.741154], [-74.012162, 40.741492], [-74.012117, 40.741759], [-74.009519, 40.74149], [-74.009448, 40.741892], [-74.009278, 40.741879], [-74.009092, 40.742886], [-74.00962, 40.742951], [-74.009585, 40.743264], [-74.012148, 40.743559], [-74.012021, 40.74394], [-74.009512, 40.743676], [-74.009438, 40.743971], [-74.0089, 40.743918], [-74.00873, 40.744882], [-74.009612, 40.744998], [-74.009558, 40.745289], [-74.009917, 40.745327], [-74.009998, 40.744955], [-74.009872, 40.744917], [-74.010168, 40.744942], [-74.010038, 40.744963], [-74.009974, 40.745323], [-74.010469, 40.745387], [-74.01055, 40.745013], [-74.010419, 40.744977], [-74.010764, 40.745005], [-74.010586, 40.74502], [-74.010531, 40.745382], [-74.011104, 40.745448], [-74.011172, 40.745078], [-74.011045, 40.745046], [-74.011388, 40.745073], [-74.01123, 40.745076], [-74.011154, 40.745446], [-74.01174, 40.74552], [-74.011795, 40.745155], [-74.011671, 40.745114], [-74.011836, 40.745126], [-74.011783, 40.745602], [-74.011679, 40.745979], [-74.009464, 40.74575], [-74.009366, 40.746337], [-74.011585, 40.746609], [-74.011476, 40.746997], [-74.009243, 40.746763], [-74.009137, 40.74736], [-74.011407, 40.747631], [-74.011304, 40.748015], [-74.009058, 40.747786], [-74.008946, 40.748412], [-74.011216, 40.748678], [-74.011109, 40.74905], [-74.009948, 40.748932], [-74.00956, 40.749935], [-74.010751, 40.750294], [-74.010757, 40.750411], [-74.009253, 40.749985], [-74.008533, 40.751884], [-74.009141, 40.752098], [-74.008651, 40.75194], [-74.009108, 40.75214], [-74.009058, 40.752214], [-74.008929, 40.752144], [-74.008581, 40.752044], [-74.009328, 40.752374], [-74.008479, 40.752019], [-74.008426, 40.752158], [-74.009991, 40.752816], [-74.009971, 40.752934], [-74.008792, 40.752352], [-74.008688, 40.752494], [-74.008354, 40.752351], [-74.00762, 40.754281], [-74.007745, 40.754337], [-74.007597, 40.75453], [-74.007472, 40.754477], [-74.007272, 40.754986], [-74.007145, 40.754932], [-74.005419, 40.757323], [-74.005212, 40.757232], [-74.004804, 40.75781], [-74.005279, 40.758029], [-74.005031, 40.758357], [-74.007004, 40.759232], [-74.006476, 40.759894], [-74.004505, 40.759085], [-74.004206, 40.759502], [-74.003907, 40.759376], [-74.003807, 40.759511], [-74.004247, 40.759699], [-74.004149, 40.759836], [-74.004319, 40.759911], [-74.003669, 40.759706], [-74.003573, 40.759847], [-74.003929, 40.760003], [-74.003133, 40.761078], [-74.002787, 40.760929], [-74.002335, 40.761544], [-74.004556, 40.762524], [-74.0044, 40.762671], [-74.002201, 40.761728], [-74.001533, 40.762645], [-74.003757, 40.763582], [-74.003612, 40.763777], [-74.001386, 40.76285], [-74.000973, 40.76342], [-74.00315, 40.764333], [-74.002948, 40.764617], [-74.003223, 40.764638], [-74.003156, 40.764731], [-73.999927, 40.763407], [-73.999623, 40.763559], [-73.999151, 40.764205], [-74.002288, 40.765562], [-74.002025, 40.765893], [-73.998885, 40.764569], [-73.998576, 40.764999], [-73.998689, 40.765209], [-73.998271, 40.765552], [-74.001562, 40.766996], [-74.001315, 40.767251], [-73.998067, 40.765872], [-73.997378, 40.766823], [-74.00065, 40.768245], [-74.000386, 40.768504], [-73.997156, 40.767129], [-73.996457, 40.768099], [-73.999736, 40.769506], [-73.999473, 40.769764], [-73.997072, 40.768733], [-73.99715, 40.768847], [-73.996571, 40.769425], [-73.999027, 40.770463], [-73.998762, 40.770825], [-73.996313, 40.769799], [-73.99588, 40.770401], [-73.996017, 40.770455], [-73.995901, 40.770613], [-73.995767, 40.770555], [-73.995425, 40.771032], [-73.996002, 40.771307], [-73.9959, 40.77145], [-73.995306, 40.771196], [-73.994935, 40.771468], [-73.994977, 40.771659], [-73.997112, 40.772553], [-73.996909, 40.772833], [-73.994774, 40.77193], [-73.994445, 40.772377], [-73.996449, 40.773057], [-73.996143, 40.773248], [-73.996685, 40.773504], [-73.994163, 40.772487], [-73.993831, 40.772932], [-73.994137, 40.772902], [-73.994377, 40.77304], [-73.994294, 40.773156], [-73.995023, 40.773481], [-73.99505, 40.773297], [-73.996241, 40.77379], [-73.996063, 40.773887], [-73.996179, 40.773987], [-73.996095, 40.774086], [-73.993936, 40.77318], [-73.992623, 40.774974], [-73.992267, 40.775116], [-73.992059, 40.775498], [-73.992386, 40.775557], [-73.990927, 40.777567], [-73.990396, 40.777585], [-73.988869, 40.779693], [-73.991551, 40.779575], [-73.99142, 40.779755], [-73.988886, 40.779879], [-73.988919, 40.780226], [-73.98821, 40.781225], [-73.988076, 40.781651], [-73.985466, 40.785361], [-73.986173, 40.786068], [-73.987119, 40.78521], [-73.986128, 40.786239], [-73.985429, 40.785414], [-73.985081, 40.785922], [-73.985766, 40.786196], [-73.985683, 40.78631], [-73.985017, 40.786014], [-73.984655, 40.786535], [-73.98595, 40.786487], [-73.985812, 40.786617], [-73.984619, 40.786586], [-73.972051, 40.80453], [-73.968557, 40.809073], [-73.967402, 40.811022], [-73.964141, 40.815772], [-73.959999, 40.820383], [-73.959815, 40.820298], [-73.959131, 40.821169], [-73.959426, 40.821252], [-73.959147, 40.821571], [-73.959033, 40.821514], [-73.959235, 40.821278], [-73.95909, 40.821206], [-73.958819, 40.821519], [-73.958942, 40.821569], [-73.958745, 40.821806], [-73.959, 40.82241], [-73.95923, 40.822287], [-73.95991, 40.822571], [-73.959603, 40.822995], [-73.958926, 40.822712], [-73.95905, 40.822541], [-73.958838, 40.822405], [-73.958646, 40.821904], [-73.958527, 40.821844], [-73.9582, 40.822283], [-73.957939, 40.822774], [-73.958228, 40.822888], [-73.958143, 40.823021], [-73.959556, 40.823694], [-73.957259, 40.827117], [-73.956949, 40.827001], [-73.956318, 40.827944], [-73.955039, 40.827413], [-73.954697, 40.827918], [-73.954542, 40.827861], [-73.951316, 40.832451], [-73.950936, 40.833294], [-73.950155, 40.834397], [-73.949546, 40.836604], [-73.949282, 40.836745], [-73.94954, 40.83688], [-73.948429, 40.839861], [-73.947383, 40.841941], [-73.946124, 40.843892], [-73.946172, 40.845393], [-73.946517, 40.845995], [-73.946351, 40.84624], [-73.946824, 40.847134], [-73.946636, 40.848912], [-73.947028, 40.850042], [-73.946964, 40.850466], [-73.946502, 40.850976], [-73.946275, 40.850841], [-73.946201, 40.851031], [-73.946082, 40.850981], [-73.946117, 40.851173], [-73.945653, 40.851211], [-73.944667, 40.851921], [-73.944325, 40.851823], [-73.944197, 40.852015], [-73.94348, 40.852282], [-73.94187, 40.853868], [-73.940293, 40.856642], [-73.939111, 40.858041], [-73.93831, 40.859381], [-73.937529, 40.860097], [-73.936476, 40.861927], [-73.934017, 40.865036], [-73.93395, 40.865347], [-73.932663, 40.867237], [-73.932902, 40.867293], [-73.93284, 40.867415], [-73.932598, 40.867311], [-73.932425, 40.867568], [-73.932268, 40.868562], [-73.932492, 40.868678], [-73.932651, 40.868465], [-73.932524, 40.868722], [-73.932254, 40.868683], [-73.932314, 40.868924], [-73.932568, 40.869044], [-73.932189, 40.869367], [-73.932469, 40.869476], [-73.932354, 40.869755], [-73.932359, 40.869507], [-73.932133, 40.869416], [-73.932053, 40.869601], [-73.932206, 40.870096], [-73.931914, 40.871129], [-73.929977, 40.874339], [-73.929013, 40.875739], [-73.928146, 40.876523], [-73.927531, 40.876711], [-73.926406, 40.877621]]], [[[-73.92363, 40.878964], [-73.923637, 40.878815], [-73.923679, 40.878826], [-73.92363, 40.878964]]], [[[-73.906651, 40.875753], [-73.907743, 40.872846], [-73.908464, 40.872621], [-73.908932, 40.872157], [-73.909908, 40.873383], [-73.911263, 40.874324], [-73.915786, 40.875717], [-73.914874, 40.876642], [-73.912058, 40.878119], [-73.911489, 40.879019], [-73.910332, 40.879038], [-73.909498, 40.878777], [-73.907037, 40.876895], [-73.906828, 40.876632], [-73.906651, 40.875753]]]]}}, {"type": "Feature", "properties": {"name": "Bronx"}, "geometry": {"type": "MultiPolygon", "coordinates": [[[[-73.896785, 40.796329], [-73.896939, 40.795636], [-73.897968, 40.795645], [-73.899194, 40.796502], [-73.898521, 40.796936], [-73.897883, 40.797117], [-73.897131, 40.796798], [-73.896785, 40.796329]]], [[[-73.888997, 40.798681], [-73.888213, 40.798665], [-73.888393, 40.798566], [-73.888234, 40.798243], [-73.88756, 40.798369], [-73.886651, 40.798038], [-73.883716, 40.79569], [-73.883648, 40.795966], [-73.883204, 40.795545], [-73.882096, 40.79516], [-73.879757, 40.794884], [-73.878374, 40.794521], [-73.875845, 40.793159], [-73.874493, 40.792057], [-73.872885, 40.791452], [-73.87175, 40.790659], [-73.871231, 40.790069], [-73.870809, 40.787897], [-73.871631, 40.786798], [-73.873088, 40.785855], [-73.873515, 40.78575], [-73.876531, 40.785837], [-73.878307, 40.785357], [-73.885374, 40.786669], [-73.887701, 40.786872], [-73.889052, 40.787373], [-73.889611, 40.7882], [-73.890301, 40.789877], [-73.8908, 40.790208], [-73.891606, 40.790161], [-73.892182, 40.790394], [-73.892823, 40.792817], [-73.891793, 40.796775], [-73.890731, 40.797661], [-73.890874, 40.79783], [-73.890621, 40.797749], [-73.890795, 40.798022], [-73.890608, 40.797768], [-73.890169, 40.797965], [-73.889213, 40.797801], [-73.888352, 40.798139], [-73.888562, 40.798353], [-73.888393, 40.798375], [-73.888504, 40.798588], [-73.888997, 40.798681]]], [[[-73.89833, 40.802413], [-73.896467, 40.80079], [-73.89864, 40.799101], [-73.90021, 40.799264], [-73.899787, 40.79951], [-73.899716, 40.800799], [-73.900037, 40.800909], [-73.899489, 40.800901], [-73.899387, 40.801936], [-73.89833, 40.802413]]], [[[-73.788333, 40.834667], [-73.789312, 40.834465], [-73.78951, 40.835364], [-73.788457, 40.83531], [-73.788333, 40.834667]]], [[[-73.802223, 40.841635], [-73.802638, 40.841081], [-73.805295, 40.841135], [-73.806946, 40.841462], [-73.806808, 40.842489], [-73.803931, 40.842594], [-73.803676, 40.842258], [-73.802223, 40.841635]]], [[[-73.780617, 40.855735], [-73.780905, 40.854968], [-73.781564, 40.855001], [-73.781563, 40.855745], [-73.781228, 40.856088], [-73.780617, 40.855735]]], [[[-73.782833, 40.85587], [-73.783024, 40.855093], [-73.783678, 40.855173], [-73.783947, 40.85563], [-73.783435, 40.856363], [-73.782833, 40.85587]]], [[[-73.790187, 40.85861], [-73.790046, 40.858475], [-73.788984, 40.858471], [-73.788784, 40.857421], [-73.788043, 40.85756], [-73.788779, 40.857401], [-73.78871, 40.857047], [-73.788897, 40.856573], [-73.788537, 40.856159], [-73.788359, 40.855626], [-73.788415, 40.855188], [-73.788554, 40.855149], [-73.788294, 40.854823], [-73.788477, 40.854401], [-73.788347, 40.854154], [-73.787563, 40.854376], [-73.787348, 40.854386], [-73.788324, 40.854103], [-73.787315, 40.854212], [-73.786907, 40.854064], [-73.787928, 40.853738], [-73.787963, 40.853475], [-73.785882, 40.851789], [-73.785292, 40.851621], [-73.784132, 40.851833], [-73.784314, 40.851768], [-73.783871, 40.851559], [-73.783961, 40.851487], [-73.783382, 40.851587], [-73.783602, 40.85132], [-73.784601, 40.851096], [-73.784455, 40.850773], [-73.783841, 40.850693], [-73.784066, 40.850625], [-73.784013, 40.850475], [-73.784258, 40.850253], [-73.7842, 40.850061], [-73.783535, 40.849221], [-73.783179, 40.849222], [-73.783035, 40.849072], [-73.78245, 40.849341], [-73.782218, 40.849167], [-73.782095, 40.849247], [-73.782158, 40.849116], [-73.781575, 40.849431], [-73.781544, 40.8494], [-73.782141, 40.849101], [-73.781616, 40.848896], [-73.781614, 40.848772], [-73.781506, 40.848843], [-73.781574, 40.848732], [-73.781432, 40.8488], [-73.781494, 40.84858], [-73.782675, 40.84814], [-73.780978, 40.848458], [-73.781306, 40.848348], [-73.781107, 40.848295], [-73.782637, 40.848073], [-73.782504, 40.847913], [-73.781584, 40.848037], [-73.781484, 40.847882], [-73.781429, 40.847456], [-73.782215, 40.846861], [-73.782164, 40.846636], [-73.780637, 40.846923], [-73.780677, 40.847061], [-73.780462, 40.8471], [-73.780403, 40.846931], [-73.78106, 40.846803], [-73.781152, 40.846246], [-73.781107, 40.846747], [-73.781688, 40.846639], [-73.781743, 40.846412], [-73.781715, 40.846657], [-73.781093, 40.846798], [-73.782157, 40.846608], [-73.782513, 40.846409], [-73.782357, 40.845982], [-73.782579, 40.845936], [-73.782496, 40.845662], [-73.783094, 40.845518], [-73.783146, 40.84531], [-73.783075, 40.84551], [-73.782425, 40.845676], [-73.781816, 40.845765], [-73.783051, 40.845497], [-73.78306, 40.845086], [-73.781815, 40.845481], [-73.781887, 40.845334], [-73.783075, 40.845056], [-73.783152, 40.845296], [-73.783222, 40.845063], [-73.782976, 40.844681], [-73.783365, 40.844445], [-73.78306, 40.844372], [-73.783011, 40.844173], [-73.78327, 40.844069], [-73.783095, 40.843866], [-73.783484, 40.843679], [-73.782907, 40.843936], [-73.780527, 40.844525], [-73.779927, 40.843883], [-73.780533, 40.844453], [-73.780396, 40.843966], [-73.780585, 40.844435], [-73.781063, 40.844328], [-73.780877, 40.843862], [-73.78109, 40.84432], [-73.781546, 40.844216], [-73.781377, 40.843704], [-73.781576, 40.844208], [-73.782008, 40.84411], [-73.781833, 40.843576], [-73.782038, 40.844103], [-73.782437, 40.844009], [-73.782249, 40.843436], [-73.782469, 40.843999], [-73.782822, 40.843919], [-73.782572, 40.843295], [-73.782785, 40.843755], [-73.783092, 40.843685], [-73.782874, 40.843124], [-73.783133, 40.843697], [-73.782807, 40.843779], [-73.782842, 40.843895], [-73.783475, 40.843655], [-73.783192, 40.842868], [-73.783045, 40.842896], [-73.78321, 40.843479], [-73.782911, 40.842922], [-73.783139, 40.842822], [-73.782917, 40.842806], [-73.783124, 40.842736], [-73.782888, 40.842495], [-73.782733, 40.842522], [-73.782816, 40.842765], [-73.782707, 40.842532], [-73.782299, 40.842606], [-73.782445, 40.843042], [-73.782267, 40.842612], [-73.7818, 40.842696], [-73.781933, 40.843228], [-73.781772, 40.842702], [-73.781247, 40.842797], [-73.781428, 40.843371], [-73.781216, 40.842805], [-73.780674, 40.842907], [-73.780829, 40.843507], [-73.780644, 40.84291], [-73.780296, 40.842973], [-73.780228, 40.843778], [-73.780227, 40.842883], [-73.782865, 40.842478], [-73.780597, 40.842787], [-73.782369, 40.842428], [-73.782152, 40.842355], [-73.782311, 40.842224], [-73.781621, 40.842329], [-73.782306, 40.842211], [-73.782333, 40.841923], [-73.78144, 40.842142], [-73.782324, 40.841898], [-73.782268, 40.841786], [-73.782038, 40.841842], [-73.782263, 40.841778], [-73.781866, 40.841687], [-73.781299, 40.841794], [-73.781339, 40.841996], [-73.781133, 40.841911], [-73.781198, 40.842042], [-73.7811, 40.84192], [-73.781024, 40.842093], [-73.780846, 40.841989], [-73.780925, 40.842123], [-73.780696, 40.842032], [-73.780765, 40.84218], [-73.780655, 40.842042], [-73.780563, 40.842215], [-73.780348, 40.842109], [-73.780426, 40.842494], [-73.780299, 40.842512], [-73.780196, 40.842046], [-73.78185, 40.841654], [-73.781661, 40.841124], [-73.780842, 40.841276], [-73.780892, 40.841553], [-73.780798, 40.841256], [-73.781649, 40.841098], [-73.781391, 40.841037], [-73.781611, 40.840996], [-73.781375, 40.840979], [-73.781594, 40.84094], [-73.781418, 40.840715], [-73.781543, 40.840387], [-73.781492, 40.840206], [-73.781254, 40.840256], [-73.781489, 40.840197], [-73.781363, 40.83973], [-73.781179, 40.839746], [-73.781359, 40.839712], [-73.781341, 40.839479], [-73.781139, 40.839494], [-73.78134, 40.83947], [-73.781568, 40.838537], [-73.782004, 40.838016], [-73.781885, 40.83765], [-73.782381, 40.837324], [-73.782728, 40.837488], [-73.782906, 40.83732], [-73.782704, 40.836843], [-73.782681, 40.836484], [-73.782823, 40.836338], [-73.783029, 40.836346], [-73.783382, 40.836909], [-73.784102, 40.836726], [-73.784485, 40.837024], [-73.784981, 40.836746], [-73.785082, 40.836882], [-73.784503, 40.837058], [-73.78485, 40.83747], [-73.785126, 40.837446], [-73.78564, 40.837064], [-73.785831, 40.83721], [-73.785653, 40.837132], [-73.785166, 40.837471], [-73.785277, 40.837757], [-73.785578, 40.837927], [-73.78553, 40.838798], [-73.785735, 40.839234], [-73.786526, 40.839723], [-73.787408, 40.839678], [-73.787639, 40.840532], [-73.787357, 40.840591], [-73.787492, 40.840842], [-73.788181, 40.840711], [-73.788159, 40.840491], [-73.788255, 40.840746], [-73.787524, 40.84088], [-73.787787, 40.840892], [-73.787864, 40.841082], [-73.787612, 40.841198], [-73.787845, 40.841471], [-73.788366, 40.841505], [-73.78802, 40.841784], [-73.788294, 40.841785], [-73.788056, 40.841867], [-73.788385, 40.842382], [-73.788839, 40.84235], [-73.788528, 40.842426], [-73.789058, 40.843235], [-73.789617, 40.843113], [-73.789924, 40.843224], [-73.789931, 40.843042], [-73.79, 40.843308], [-73.789862, 40.843251], [-73.78989, 40.843381], [-73.789735, 40.843413], [-73.789899, 40.843417], [-73.789804, 40.843587], [-73.789337, 40.843681], [-73.78947, 40.84429], [-73.790666, 40.845742], [-73.790989, 40.845653], [-73.790698, 40.845786], [-73.790973, 40.846357], [-73.791491, 40.846251], [-73.791128, 40.846358], [-73.791181, 40.846556], [-73.791414, 40.846548], [-73.791325, 40.846609], [-73.79148, 40.846802], [-73.791793, 40.846732], [-73.791367, 40.846888], [-73.791486, 40.846959], [-73.79144, 40.847306], [-73.791772, 40.847228], [-73.79192, 40.847258], [-73.79143, 40.84736], [-73.791541, 40.847538], [-73.791267, 40.847602], [-73.79133, 40.848058], [-73.791618, 40.848053], [-73.791336, 40.848086], [-73.791112, 40.848808], [-73.79092, 40.848867], [-73.791014, 40.848985], [-73.790887, 40.848887], [-73.789757, 40.849531], [-73.789858, 40.849973], [-73.790948, 40.849739], [-73.790989, 40.849828], [-73.789866, 40.849989], [-73.790018, 40.850316], [-73.790358, 40.850142], [-73.790405, 40.850273], [-73.790024, 40.850348], [-73.789919, 40.850612], [-73.791024, 40.850432], [-73.78993, 40.850626], [-73.790071, 40.850932], [-73.790248, 40.850904], [-73.790086, 40.850984], [-73.790268, 40.850961], [-73.790091, 40.850995], [-73.790124, 40.85119], [-73.789514, 40.851301], [-73.789663, 40.851489], [-73.789785, 40.851462], [-73.789666, 40.851339], [-73.790058, 40.851415], [-73.790018, 40.851259], [-73.79009, 40.851407], [-73.790345, 40.851367], [-73.790337, 40.85122], [-73.790379, 40.851359], [-73.790825, 40.85129], [-73.790785, 40.851154], [-73.790987, 40.851264], [-73.79089, 40.851404], [-73.789665, 40.8515], [-73.789726, 40.851693], [-73.790892, 40.851547], [-73.790196, 40.851753], [-73.790464, 40.851767], [-73.790084, 40.852035], [-73.790155, 40.852251], [-73.790161, 40.85204], [-73.790274, 40.852223], [-73.790532, 40.852163], [-73.790452, 40.85199], [-73.790575, 40.852153], [-73.790806, 40.8521], [-73.790743, 40.851926], [-73.790561, 40.851944], [-73.790795, 40.851861], [-73.790854, 40.852089], [-73.791112, 40.852006], [-73.791011, 40.851861], [-73.791174, 40.851817], [-73.791188, 40.852016], [-73.791463, 40.851945], [-73.79132, 40.85178], [-73.791517, 40.85173], [-73.791496, 40.851934], [-73.79177, 40.851871], [-73.791728, 40.851765], [-73.792495, 40.851551], [-73.791768, 40.851774], [-73.792057, 40.851826], [-73.79017, 40.852281], [-73.791138, 40.852056], [-73.791335, 40.852166], [-73.791227, 40.852258], [-73.791365, 40.852233], [-73.791237, 40.85228], [-73.793183, 40.851809], [-73.793118, 40.851578], [-73.793238, 40.851931], [-73.793129, 40.851848], [-73.791246, 40.852305], [-73.791381, 40.852602], [-73.79341, 40.852022], [-73.793508, 40.852264], [-73.793424, 40.852136], [-73.791391, 40.852628], [-73.791446, 40.852772], [-73.790421, 40.853023], [-73.790499, 40.853189], [-73.791006, 40.853118], [-73.791454, 40.853011], [-73.791437, 40.852823], [-73.791503, 40.853005], [-73.791702, 40.852958], [-73.791656, 40.852777], [-73.79173, 40.852954], [-73.791963, 40.852895], [-73.791916, 40.852711], [-73.791989, 40.852888], [-73.792224, 40.852832], [-73.792176, 40.85265], [-73.792252, 40.852823], [-73.792487, 40.85277], [-73.792437, 40.852586], [-73.79251, 40.852762], [-73.792831, 40.85268], [-73.792815, 40.852495], [-73.792901, 40.852695], [-73.790808, 40.853199], [-73.790862, 40.85332], [-73.791114, 40.853264], [-73.791266, 40.853707], [-73.792524, 40.85341], [-73.792409, 40.853053], [-73.792556, 40.853401], [-73.792979, 40.853303], [-73.792876, 40.852944], [-73.79304, 40.853371], [-73.791274, 40.853732], [-73.791057, 40.853918], [-73.792458, 40.853601], [-73.79107, 40.853945], [-73.792537, 40.853849], [-73.792568, 40.854016], [-73.791794, 40.854005], [-73.791918, 40.854222], [-73.791338, 40.854439], [-73.791293, 40.854584], [-73.792077, 40.855645], [-73.792503, 40.855789], [-73.792488, 40.855947], [-73.792116, 40.856013], [-73.792017, 40.856177], [-73.792705, 40.856192], [-73.792688, 40.856335], [-73.793157, 40.856351], [-73.793147, 40.856468], [-73.792618, 40.856358], [-73.792633, 40.85625], [-73.792011, 40.856225], [-73.791937, 40.856405], [-73.792088, 40.856478], [-73.791902, 40.856547], [-73.793095, 40.856686], [-73.793031, 40.856814], [-73.791894, 40.856569], [-73.791828, 40.856668], [-73.791962, 40.856717], [-73.791793, 40.85672], [-73.79193, 40.856769], [-73.791785, 40.856731], [-73.791707, 40.856852], [-73.79186, 40.856793], [-73.791735, 40.856866], [-73.792203, 40.857146], [-73.792428, 40.856929], [-73.792222, 40.857152], [-73.792827, 40.857436], [-73.793013, 40.857003], [-73.792884, 40.857479], [-73.79186, 40.857004], [-73.792683, 40.85742], [-73.792609, 40.857508], [-73.792113, 40.857167], [-73.791895, 40.857437], [-73.792465, 40.857715], [-73.79257, 40.85764], [-73.792395, 40.857846], [-73.792443, 40.857737], [-73.791743, 40.857394], [-73.791873, 40.857427], [-73.792093, 40.857158], [-73.791843, 40.857029], [-73.791604, 40.857375], [-73.791294, 40.857263], [-73.790942, 40.857553], [-73.791637, 40.857883], [-73.791785, 40.857775], [-73.791437, 40.858155], [-73.791619, 40.857901], [-73.790932, 40.857568], [-73.790236, 40.858154], [-73.790061, 40.85846], [-73.790187, 40.85861]]], [[[-73.767832, 40.854442], [-73.768557, 40.853238], [-73.769044, 40.853291], [-73.769385, 40.852536], [-73.768608, 40.850788], [-73.769597, 40.847595], [-73.769503, 40.847218], [-73.767895, 40.845289], [-73.769014, 40.845097], [-73.771184, 40.846945], [-73.771572, 40.8475], [-73.770889, 40.849752], [-73.77205, 40.851618], [-73.772711, 40.851827], [-73.772466, 40.851834], [-73.772461, 40.85206], [-73.772964, 40.852159], [-73.772648, 40.852224], [-73.772891, 40.852398], [-73.772459, 40.852106], [-73.772451, 40.852436], [-73.771731, 40.852477], [-73.771717, 40.853005], [-73.772297, 40.853086], [-73.772349, 40.853851], [-73.772963, 40.8538], [-73.772958, 40.854137], [-73.772796, 40.854132], [-73.772694, 40.853907], [-73.772333, 40.853901], [-73.77214, 40.854413], [-73.772182, 40.858868], [-73.772354, 40.859673], [-73.772192, 40.859987], [-73.770846, 40.860101], [-73.769473, 40.85933], [-73.768363, 40.858358], [-73.768361, 40.857655], [-73.765332, 40.855044], [-73.767832, 40.854442]]], [[[-73.784524, 40.860477], [-73.7844, 40.859766], [-73.784572, 40.859715], [-73.784705, 40.859174], [-73.785197, 40.858827], [-73.785259, 40.858987], [-73.786018, 40.859301], [-73.786571, 40.859232], [-73.787105, 40.858809], [-73.787432, 40.858935], [-73.786979, 40.859535], [-73.787108, 40.859719], [-73.786859, 40.860045], [-73.784524, 40.860477]]], [[[-73.772902, 40.861209], [-73.773232, 40.860747], [-73.773513, 40.861241], [-73.773106, 40.861615], [-73.772902, 40.861209]]], [[[-73.774602, 40.862069], [-73.774943, 40.861391], [-73.775123, 40.861188], [-73.775293, 40.861232], [-73.774857, 40.861984], [-73.774602, 40.862069]]], [[[-73.783281, 40.862781], [-73.782928, 40.86279], [-73.782882, 40.862406], [-73.783145, 40.862069], [-73.783235, 40.862332], [-73.783121, 40.862618], [-73.783281, 40.862781]]], [[[-73.784287, 40.863205], [-73.783541, 40.863096], [-73.783801, 40.862967], [-73.783672, 40.862833], [-73.783793, 40.862589], [-73.784692, 40.862543], [-73.784516, 40.862956], [-73.784167, 40.863088], [-73.784287, 40.863205]]], [[[-73.76965, 40.865486], [-73.769791, 40.865128], [-73.770229, 40.865139], [-73.770069, 40.865526], [-73.76965, 40.865486]]], [[[-73.76669, 40.867098], [-73.767099, 40.866705], [-73.767794, 40.866781], [-73.767601, 40.867496], [-73.76669, 40.867098]]], [[[-73.77081, 40.87155], [-73.769907, 40.870477], [-73.77288, 40.871245], [-73.772178, 40.871981], [-73.77081, 40.87155]]], [[[-73.786262, 40.873394], [-73.786727, 40.873075], [-73.786654, 40.873394], [-73.786262, 40.873394]]], [[[-73.786054, 40.873783], [-73.786189, 40.8736], [-73.786333, 40.873678], [-73.786195, 40.873885], [-73.786054, 40.873783]]], [[[-73.774032, 40.874395], [-73.774581, 40.874109], [-73.774536, 40.87471], [-73.774095, 40.874896], [-73.774032, 40.874395]]], [[[-73.782418, 40.874923], [-73.782658, 40.874793], [-73.782802, 40.874949], [-73.782476, 40.875168], [-73.782418, 40.874923]]], [[[-73.781034, 40.876484], [-73.781206, 40.876285], [-73.781327, 40.876361], [-73.781128, 40.876653], [-73.781034, 40.876484]]], [[[-73.787128, 40.880923], [-73.785822, 40.880755], [-73.78578, 40.880364], [-73.786849, 40.880448], [-73.786797, 40.879947], [-73.787268, 40.879683], [-73.78742, 40.879771], [-73.787425, 40.880447], [-73.787128, 40.880923]]], [[[-73.897253, 40.911656], [-73.859468, 40.900517], [-73.859077, 40.901008], [-73.85942, 40.901393], [-73.859377, 40.901565], [-73.859027, 40.901445], [-73.858864, 40.901712], [-73.859464, 40.901934], [-73.859579, 40.902441], [-73.859264, 40.902669], [-73.858728, 40.902289], [-73.85816, 40.902306], [-73.858165, 40.902596], [-73.857969, 40.902851], [-73.85756, 40.902918], [-73.857111, 40.90365], [-73.857172, 40.904082], [-73.856992, 40.904584], [-73.857435, 40.904842], [-73.857178, 40.905287], [-73.856654, 40.905055], [-73.85601, 40.905306], [-73.856012, 40.905482], [-73.856503, 40.905564], [-73.856924, 40.905974], [-73.85681, 40.906156], [-73.855805, 40.906264], [-73.855527, 40.90638], [-73.855138, 40.906867], [-73.854238, 40.907033], [-73.853741, 40.907788], [-73.853834, 40.907974], [-73.854711, 40.908006], [-73.854911, 40.908355], [-73.854589, 40.908939], [-73.853601, 40.909607], [-73.852956, 40.910353], [-73.852585, 40.910311], [-73.85266, 40.910015], [-73.852275, 40.909854], [-73.851492, 40.910272], [-73.851448, 40.91045], [-73.851071, 40.910372], [-73.853475, 40.90753], [-73.850921, 40.906616], [-73.850173, 40.907508], [-73.84708, 40.906157], [-73.844819, 40.90553], [-73.844893, 40.904191], [-73.841387, 40.904173], [-73.84068, 40.901517], [-73.839217, 40.899427], [-73.839189, 40.898887], [-73.839664, 40.897886], [-73.839648, 40.897331], [-73.838392, 40.894067], [-73.838043, 40.894142], [-73.835258, 40.893392], [-73.822677, 40.889619], [-73.822486, 40.890098], [-73.823265, 40.889987], [-73.823366, 40.891075], [-73.822853, 40.891207], [-73.818277, 40.889847], [-73.802909, 40.886031], [-73.793007, 40.883359], [-73.793792, 40.88197], [-73.794917, 40.880544], [-73.795546, 40.880691], [-73.795026, 40.879748], [-73.796251, 40.877012], [-73.797127, 40.87619], [-73.797438, 40.875135], [-73.798553, 40.874401], [-73.798912, 40.874646], [-73.799814, 40.87416], [-73.799877, 40.873485], [-73.800873, 40.87159], [-73.801372, 40.871461], [-73.802523, 40.870507], [-73.803177, 40.871683], [-73.802699, 40.872215], [-73.803391, 40.872505], [-73.804318, 40.87116], [-73.803733, 40.870963], [-73.803583, 40.869948], [-73.80283, 40.870076], [-73.803022, 40.869155], [-73.80422, 40.869002], [-73.804831, 40.869313], [-73.805545, 40.868956], [-73.805884, 40.869069], [-73.805745, 40.869693], [-73.808416, 40.87119], [-73.808387, 40.870572], [-73.807541, 40.870378], [-73.807807, 40.869788], [-73.806953, 40.869658], [-73.806731, 40.86877], [-73.805932, 40.868372], [-73.804873, 40.868233], [-73.804646, 40.866647], [-73.803853, 40.867166], [-73.803004, 40.867042], [-73.80306, 40.865815], [-73.802258, 40.865608], [-73.797804, 40.872256], [-73.79479, 40.8732], [-73.793974, 40.874567], [-73.793572, 40.876121], [-73.793596, 40.876721], [-73.793167, 40.877056], [-73.794222, 40.877382], [-73.794403, 40.877642], [-73.793847, 40.878594], [-73.792889, 40.879264], [-73.792189, 40.879512], [-73.791746, 40.87989], [-73.790904, 40.880029], [-73.790575, 40.880278], [-73.79023, 40.880981], [-73.789559, 40.881261], [-73.789262, 40.881205], [-73.789318, 40.880579], [-73.78912, 40.88008], [-73.790063, 40.879595], [-73.789523, 40.878998], [-73.788273, 40.878874], [-73.785885, 40.879067], [-73.784382, 40.878421], [-73.784177, 40.877721], [-73.78471, 40.876358], [-73.786685, 40.874293], [-73.787087, 40.873536], [-73.787191, 40.872731], [-73.786249, 40.872383], [-73.785448, 40.873133], [-73.785275, 40.873544], [-73.785081, 40.87359], [-73.785173, 40.873119], [-73.785681, 40.872387], [-73.785262, 40.871745], [-73.784393, 40.872784], [-73.784022, 40.873692], [-73.783587, 40.873781], [-73.78334, 40.873513], [-73.783431, 40.873179], [-73.784037, 40.872827], [-73.783809, 40.872534], [-73.783069, 40.872154], [-73.783202, 40.87067], [-73.783916, 40.870423], [-73.784288, 40.870001], [-73.784902, 40.869764], [-73.785602, 40.868342], [-73.785517, 40.86917], [-73.785987, 40.869593], [-73.786571, 40.869778], [-73.787954, 40.869845], [-73.789011, 40.869663], [-73.789682, 40.869361], [-73.790382, 40.868994], [-73.79139, 40.868141], [-73.792289, 40.865814], [-73.792651, 40.864137], [-73.791473, 40.862207], [-73.79188, 40.861256], [-73.791905, 40.86083], [-73.79351, 40.860552], [-73.79364, 40.860241], [-73.7934, 40.859948], [-73.793866, 40.859779], [-73.794546, 40.858888], [-73.79487, 40.858076], [-73.794476, 40.857004], [-73.794268, 40.856801], [-73.79435, 40.856527], [-73.795589, 40.856513], [-73.796855, 40.856264], [-73.797516, 40.855601], [-73.797985, 40.854849], [-73.79825, 40.854796], [-73.798533, 40.855005], [-73.798723, 40.854914], [-73.799024, 40.853957], [-73.798643, 40.853357], [-73.797956, 40.852988], [-73.797805, 40.85195], [-73.798194, 40.850593], [-73.799487, 40.849748], [-73.800099, 40.848298], [-73.80029, 40.848145], [-73.800825, 40.848243], [-73.801467, 40.84877], [-73.801831, 40.850131], [-73.804176, 40.85334], [-73.804525, 40.854852], [-73.804284, 40.855131], [-73.803671, 40.855307], [-73.803527, 40.855603], [-73.804138, 40.857842], [-73.804206, 40.858959], [-73.804643, 40.859968], [-73.804605, 40.861217], [-73.804843, 40.861609], [-73.805327, 40.861886], [-73.805927, 40.861941], [-73.806246, 40.861427], [-73.80582, 40.860035], [-73.806131, 40.859881], [-73.806556, 40.859818], [-73.807119, 40.860317], [-73.807812, 40.860359], [-73.808153, 40.859667], [-73.807621, 40.858828], [-73.807563, 40.858605], [-73.80768, 40.858538], [-73.808532, 40.859915], [-73.809674, 40.860909], [-73.810956, 40.862392], [-73.812255, 40.862746], [-73.812936, 40.863217], [-73.813274, 40.863221], [-73.813711, 40.863857], [-73.814041, 40.86386], [-73.813959, 40.864103], [-73.814229, 40.863863], [-73.814126, 40.863728], [-73.81438, 40.863254], [-73.814596, 40.863088], [-73.815103, 40.863057], [-73.816414, 40.861181], [-73.815876, 40.861004], [-73.815682, 40.86111], [-73.815493, 40.860955], [-73.815263, 40.861118], [-73.814796, 40.861129], [-73.814852, 40.860901], [-73.813818, 40.860548], [-73.812731, 40.858878], [-73.812306, 40.854162], [-73.816409, 40.854082], [-73.816956, 40.853356], [-73.817208, 40.851828], [-73.816915, 40.851674], [-73.817124, 40.85127], [-73.816859, 40.850957], [-73.815714, 40.850816], [-73.816036, 40.850603], [-73.815965, 40.85039], [-73.816195, 40.850378], [-73.816286, 40.850195], [-73.81552, 40.849228], [-73.815131, 40.849173], [-73.815344, 40.848853], [-73.815323, 40.848578], [-73.815903, 40.848013], [-73.815861, 40.847776], [-73.815605, 40.847659], [-73.816097, 40.847512], [-73.816105, 40.846455], [-73.815719, 40.846293], [-73.815459, 40.846603], [-73.814627, 40.847143], [-73.814646, 40.84722], [-73.814511, 40.847106], [-73.815704, 40.846291], [-73.814923, 40.846483], [-73.813686, 40.847274], [-73.813564, 40.847151], [-73.814909, 40.846469], [-73.814657, 40.846206], [-73.814424, 40.846188], [-73.815086, 40.845595], [-73.815026, 40.8455], [-73.814206, 40.84601], [-73.81399, 40.845827], [-73.813189, 40.84623], [-73.814032, 40.845589], [-73.813686, 40.845659], [-73.813943, 40.845512], [-73.813729, 40.845485], [-73.813843, 40.845399], [-73.813633, 40.845281], [-73.813359, 40.845845], [-73.813289, 40.845951], [-73.813213, 40.845923], [-73.813619, 40.845275], [-73.81326, 40.845234], [-73.812849, 40.846319], [-73.812725, 40.846287], [-73.813243, 40.845236], [-73.813101, 40.845172], [-73.812877, 40.845135], [-73.813156, 40.845212], [-73.812855, 40.845186], [-73.81241, 40.846571], [-73.812278, 40.846543], [-73.812841, 40.84518], [-73.812607, 40.84513], [-73.812858, 40.84513], [-73.812545, 40.84498], [-73.812035, 40.846533], [-73.811885, 40.846595], [-73.812436, 40.846738], [-73.8117, 40.846682], [-73.812661, 40.844208], [-73.812784, 40.844228], [-73.812712, 40.844467], [-73.812821, 40.84426], [-73.812761, 40.844473], [-73.812991, 40.844523], [-73.812703, 40.844485], [-73.812649, 40.844659], [-73.813118, 40.844788], [-73.812641, 40.844682], [-73.812549, 40.844952], [-73.813656, 40.845059], [-73.814145, 40.844818], [-73.8137, 40.844848], [-73.814171, 40.84464], [-73.813555, 40.844379], [-73.813363, 40.843853], [-73.813544, 40.843578], [-73.814225, 40.843421], [-73.814375, 40.843089], [-73.81502, 40.843506], [-73.815259, 40.844013], [-73.815666, 40.84438], [-73.815994, 40.844403], [-73.816046, 40.8441], [-73.816311, 40.84398], [-73.816516, 40.84413], [-73.817018, 40.844096], [-73.817089, 40.844265], [-73.817501, 40.844367], [-73.818241, 40.844342], [-73.818191, 40.844113], [-73.81769, 40.844268], [-73.817187, 40.843916], [-73.816627, 40.843945], [-73.816202, 40.843073], [-73.815723, 40.842537], [-73.815171, 40.842577], [-73.815702, 40.84252], [-73.815415, 40.842391], [-73.815585, 40.841841], [-73.815263, 40.84126], [-73.814733, 40.841376], [-73.81522, 40.841203], [-73.815247, 40.841062], [-73.815054, 40.840538], [-73.814905, 40.840559], [-73.815049, 40.840518], [-73.814806, 40.839804], [-73.814366, 40.839865], [-73.814797, 40.839788], [-73.814723, 40.839589], [-73.814316, 40.83965], [-73.814309, 40.839622], [-73.81472, 40.839572], [-73.814783, 40.839076], [-73.815965, 40.838573], [-73.816265, 40.838264], [-73.816479, 40.837704], [-73.816061, 40.83603], [-73.815503, 40.835953], [-73.816063, 40.835773], [-73.816008, 40.835513], [-73.815574, 40.835525], [-73.816082, 40.835361], [-73.816084, 40.83459], [-73.815664, 40.834491], [-73.815993, 40.834396], [-73.816037, 40.834169], [-73.815939, 40.833677], [-73.815699, 40.833462], [-73.815759, 40.832971], [-73.815287, 40.831876], [-73.815031, 40.831682], [-73.814879, 40.83103], [-73.814492, 40.831171], [-73.814843, 40.830986], [-73.81452, 40.830623], [-73.813914, 40.830924], [-73.813898, 40.830908], [-73.81451, 40.830614], [-73.814294, 40.830505], [-73.814309, 40.830359], [-73.813857, 40.830561], [-73.8143, 40.83035], [-73.813904, 40.830068], [-73.813868, 40.829857], [-73.813703, 40.829933], [-73.813668, 40.829891], [-73.81389, 40.829777], [-73.813567, 40.82959], [-73.813689, 40.829535], [-73.813611, 40.829377], [-73.813377, 40.829391], [-73.813504, 40.829221], [-73.813388, 40.829023], [-73.812903, 40.828953], [-73.81318, 40.828803], [-73.812839, 40.828647], [-73.812755, 40.828248], [-73.809925, 40.82818], [-73.810096, 40.827819], [-73.810297, 40.827991], [-73.811056, 40.827985], [-73.811043, 40.82784], [-73.810253, 40.827834], [-73.810039, 40.827778], [-73.811822, 40.827826], [-73.811063, 40.827844], [-73.811073, 40.827984], [-73.811707, 40.828007], [-73.812603, 40.827835], [-73.812652, 40.827559], [-73.81385, 40.826804], [-73.813722, 40.826272], [-73.812918, 40.82635], [-73.813728, 40.826261], [-73.813991, 40.82607], [-73.813951, 40.825729], [-73.813421, 40.825925], [-73.813942, 40.825717], [-73.813795, 40.825298], [-73.813335, 40.825171], [-73.812114, 40.825553], [-73.813277, 40.825161], [-73.813082, 40.824945], [-73.814037, 40.824483], [-73.813971, 40.82419], [-73.813781, 40.824], [-73.813274, 40.823967], [-73.81281, 40.824339], [-73.812748, 40.824777], [-73.81232, 40.824411], [-73.811773, 40.82434], [-73.811644, 40.824602], [-73.811221, 40.824586], [-73.811199, 40.824791], [-73.811031, 40.824708], [-73.810847, 40.824872], [-73.810875, 40.825114], [-73.810762, 40.824902], [-73.810297, 40.825165], [-73.809655, 40.825276], [-73.809092, 40.825873], [-73.807834, 40.825767], [-73.807666, 40.825897], [-73.806978, 40.825388], [-73.806734, 40.824685], [-73.806564, 40.824606], [-73.806775, 40.824449], [-73.806518, 40.824198], [-73.806731, 40.824135], [-73.806751, 40.823828], [-73.806465, 40.823799], [-73.806692, 40.823679], [-73.806662, 40.82342], [-73.806236, 40.823308], [-73.80651, 40.823153], [-73.806384, 40.822893], [-73.805952, 40.822883], [-73.806222, 40.822741], [-73.805825, 40.821768], [-73.805992, 40.820824], [-73.805728, 40.820177], [-73.804619, 40.819027], [-73.803483, 40.818277], [-73.802674, 40.818239], [-73.802522, 40.818526], [-73.802079, 40.818557], [-73.801885, 40.818359], [-73.800708, 40.818045], [-73.800573, 40.8177], [-73.800323, 40.817563], [-73.79759, 40.816508], [-73.797381, 40.815764], [-73.797715, 40.815513], [-73.798119, 40.815699], [-73.798642, 40.815464], [-73.799028, 40.815541], [-73.799947, 40.81445], [-73.800111, 40.814025], [-73.800916, 40.813761], [-73.801458, 40.812941], [-73.801746, 40.812865], [-73.801339, 40.812394], [-73.801759, 40.812861], [-73.803048, 40.812449], [-73.803614, 40.812521], [-73.80352, 40.812922], [-73.803779, 40.81281], [-73.803614, 40.813045], [-73.804237, 40.813647], [-73.804358, 40.813609], [-73.804154, 40.813731], [-73.804229, 40.813663], [-73.803559, 40.813043], [-73.803615, 40.812972], [-73.803253, 40.813197], [-73.803461, 40.813329], [-73.803224, 40.813359], [-73.803455, 40.813403], [-73.803967, 40.813967], [-73.804091, 40.813952], [-73.804435, 40.814293], [-73.804531, 40.814255], [-73.804434, 40.814319], [-73.80396, 40.813988], [-73.80343, 40.813422], [-73.803222, 40.813374], [-73.803517, 40.813952], [-73.80418, 40.81459], [-73.80443, 40.814583], [-73.804362, 40.814697], [-73.804718, 40.815231], [-73.806584, 40.816595], [-73.806118, 40.815952], [-73.805379, 40.815483], [-73.805081, 40.815198], [-73.804554, 40.81463], [-73.804659, 40.814545], [-73.804589, 40.814622], [-73.805279, 40.815377], [-73.806101, 40.81592], [-73.806329, 40.816138], [-73.80672, 40.816575], [-73.806606, 40.816664], [-73.806929, 40.816568], [-73.806536, 40.815892], [-73.806942, 40.816565], [-73.807046, 40.816534], [-73.806629, 40.815684], [-73.806402, 40.815702], [-73.806593, 40.815617], [-73.805675, 40.815212], [-73.805319, 40.814781], [-73.805192, 40.813144], [-73.805052, 40.812895], [-73.804387, 40.81223], [-73.803614, 40.811938], [-73.802726, 40.81063], [-73.802242, 40.810197], [-73.80205, 40.810161], [-73.801356, 40.810711], [-73.801157, 40.810588], [-73.801012, 40.810713], [-73.801467, 40.810142], [-73.800109, 40.809711], [-73.798538, 40.809587], [-73.792289, 40.806849], [-73.791401, 40.806998], [-73.791302, 40.807173], [-73.79159, 40.807412], [-73.791504, 40.807496], [-73.790865, 40.807341], [-73.790735, 40.806589], [-73.790428, 40.806327], [-73.790063, 40.805409], [-73.790284, 40.804817], [-73.790568, 40.804558], [-73.791037, 40.804263], [-73.792245, 40.803996], [-73.79339, 40.804204], [-73.795778, 40.806163], [-73.79601, 40.805921], [-73.796209, 40.805969], [-73.796503, 40.806104], [-73.796369, 40.806277], [-73.797029, 40.806345], [-73.79792, 40.806694], [-73.801855, 40.808968], [-73.802959, 40.809077], [-73.803927, 40.808528], [-73.804678, 40.809226], [-73.80714, 40.810662], [-73.808228, 40.811891], [-73.80992, 40.812929], [-73.810502, 40.812965], [-73.810669, 40.812764], [-73.811566, 40.813054], [-73.811851, 40.812939], [-73.813134, 40.813331], [-73.813598, 40.813326], [-73.813552, 40.813432], [-73.813889, 40.81359], [-73.814431, 40.813518], [-73.814369, 40.812936], [-73.8145, 40.812908], [-73.814619, 40.812967], [-73.814497, 40.812965], [-73.814477, 40.813519], [-73.815663, 40.813512], [-73.815879, 40.813767], [-73.816201, 40.813847], [-73.817372, 40.813574], [-73.81736, 40.813376], [-73.817389, 40.813571], [-73.817921, 40.813545], [-73.817935, 40.813298], [-73.817976, 40.813299], [-73.818042, 40.813533], [-73.819816, 40.81318], [-73.820108, 40.812864], [-73.820392, 40.812844], [-73.820555, 40.813018], [-73.820244, 40.812431], [-73.821065, 40.812204], [-73.820324, 40.81244], [-73.820421, 40.812638], [-73.82113, 40.81245], [-73.820442, 40.812658], [-73.820587, 40.813019], [-73.821413, 40.812873], [-73.821423, 40.812702], [-73.821517, 40.812847], [-73.821695, 40.812665], [-73.821756, 40.812769], [-73.822283, 40.812661], [-73.822171, 40.812354], [-73.822309, 40.812658], [-73.823395, 40.812356], [-73.823474, 40.812191], [-73.824064, 40.812169], [-73.824536, 40.811987], [-73.824711, 40.811699], [-73.825058, 40.81183], [-73.824809, 40.811439], [-73.825077, 40.811823], [-73.825244, 40.811761], [-73.824879, 40.811273], [-73.825267, 40.811752], [-73.825491, 40.811659], [-73.825231, 40.81121], [-73.825513, 40.811649], [-73.825651, 40.811592], [-73.825358, 40.811028], [-73.825672, 40.811585], [-73.825537, 40.811016], [-73.825813, 40.811534], [-73.825927, 40.811487], [-73.825798, 40.811205], [-73.825956, 40.811474], [-73.826212, 40.811282], [-73.828218, 40.811425], [-73.829158, 40.811252], [-73.830179, 40.810835], [-73.831474, 40.809775], [-73.832166, 40.808502], [-73.832156, 40.807467], [-73.831621, 40.806628], [-73.83206, 40.806358], [-73.831616, 40.804938], [-73.834315, 40.805163], [-73.837436, 40.806203], [-73.838061, 40.80704], [-73.838244, 40.808177], [-73.84026, 40.811443], [-73.840432, 40.812541], [-73.840269, 40.81328], [-73.839662, 40.813922], [-73.839568, 40.814491], [-73.839538, 40.815819], [-73.84019, 40.817188], [-73.840093, 40.817799], [-73.83921, 40.818888], [-73.838927, 40.819001], [-73.838683, 40.819591], [-73.839064, 40.819802], [-73.839012, 40.82195], [-73.838882, 40.82214], [-73.839071, 40.822253], [-73.839049, 40.822689], [-73.839528, 40.823038], [-73.839449, 40.823265], [-73.83974, 40.82411], [-73.840131, 40.824317], [-73.84222, 40.828342], [-73.842331, 40.829074], [-73.84223, 40.829831], [-73.841886, 40.830713], [-73.839181, 40.833156], [-73.838852, 40.833691], [-73.839234, 40.836741], [-73.839193, 40.838714], [-73.83959, 40.838798], [-73.83972, 40.839565], [-73.840303, 40.839524], [-73.840109, 40.838852], [-73.840028, 40.838948], [-73.840135, 40.838614], [-73.83992, 40.837821], [-73.839842, 40.837905], [-73.83995, 40.837584], [-73.839842, 40.836116], [-73.839759, 40.836296], [-73.839659, 40.836067], [-73.839826, 40.836054], [-73.839712, 40.836017], [-73.8398, 40.835811], [-73.839652, 40.835829], [-73.83968, 40.836063], [-73.839601, 40.835671], [-73.839656, 40.835802], [-73.839796, 40.835788], [-73.839658, 40.835743], [-73.839795, 40.835619], [-73.839615, 40.835611], [-73.839594, 40.835089], [-73.839458, 40.835032], [-73.839567, 40.83498], [-73.839461, 40.834848], [-73.83962, 40.834829], [-73.839412, 40.8346], [-73.839593, 40.83456], [-73.839591, 40.834042], [-73.840182, 40.833043], [-73.842213, 40.831551], [-73.842759, 40.830818], [-73.843107, 40.829794], [-73.843034, 40.828935], [-73.842533, 40.827527], [-73.84045, 40.823346], [-73.840466, 40.82308], [-73.840018, 40.82219], [-73.839829, 40.821572], [-73.840101, 40.820323], [-73.839999, 40.819935], [-73.840289, 40.819808], [-73.840365, 40.819578], [-73.841987, 40.818774], [-73.842094, 40.81806], [-73.843064, 40.816559], [-73.84317, 40.816051], [-73.843741, 40.815322], [-73.845207, 40.811887], [-73.845766, 40.811582], [-73.846173, 40.810677], [-73.847197, 40.81058], [-73.848215, 40.812463], [-73.849386, 40.813237], [-73.850411, 40.813584], [-73.851145, 40.814397], [-73.852468, 40.814279], [-73.852424, 40.81442], [-73.852912, 40.814501], [-73.852819, 40.814335], [-73.85265, 40.814363], [-73.852613, 40.813963], [-73.852886, 40.813882], [-73.852869, 40.813693], [-73.853369, 40.813594], [-73.854347, 40.813864], [-73.855147, 40.814369], [-73.85538, 40.814289], [-73.854431, 40.813718], [-73.853468, 40.813478], [-73.852557, 40.813735], [-73.8512, 40.813553], [-73.84965, 40.812752], [-73.849145, 40.812299], [-73.849063, 40.811905], [-73.849384, 40.811287], [-73.849174, 40.810924], [-73.849798, 40.810033], [-73.849909, 40.80966], [-73.849767, 40.809669], [-73.84976, 40.809645], [-73.849919, 40.809627], [-73.850017, 40.809331], [-73.849847, 40.809252], [-73.850042, 40.809215], [-73.849967, 40.808876], [-73.849729, 40.808875], [-73.849951, 40.808715], [-73.849551, 40.808721], [-73.849954, 40.808693], [-73.849967, 40.808578], [-73.849612, 40.808124], [-73.84876, 40.808337], [-73.84871, 40.80824], [-73.849522, 40.808055], [-73.848416, 40.807369], [-73.84828, 40.806852], [-73.84838, 40.80636], [-73.847536, 40.805926], [-73.847528, 40.80533], [-73.848076, 40.80492], [-73.848648, 40.804699], [-73.848743, 40.804896], [-73.848946, 40.804762], [-73.849334, 40.805051], [-73.84941, 40.804668], [-73.849429, 40.80506], [-73.849821, 40.805094], [-73.849977, 40.80506], [-73.850149, 40.804534], [-73.85065, 40.804478], [-73.852049, 40.804599], [-73.855389, 40.804464], [-73.856052, 40.804587], [-73.856618, 40.804866], [-73.856398, 40.804947], [-73.85569, 40.804677], [-73.855605, 40.805062], [-73.856125, 40.805282], [-73.857245, 40.805307], [-73.856676, 40.804995], [-73.856834, 40.804909], [-73.85889, 40.805889], [-73.858826, 40.805993], [-73.858506, 40.80582], [-73.858315, 40.805999], [-73.858612, 40.806698], [-73.858935, 40.806674], [-73.859085, 40.80648], [-73.858877, 40.805989], [-73.859195, 40.80627], [-73.859366, 40.806676], [-73.859402, 40.80753], [-73.859258, 40.807543], [-73.859159, 40.806879], [-73.858665, 40.806833], [-73.85839, 40.808259], [-73.858775, 40.809234], [-73.858951, 40.810271], [-73.859077, 40.809976], [-73.860127, 40.809605], [-73.859541, 40.80902], [-73.859329, 40.808997], [-73.85939, 40.808164], [-73.859822, 40.809113], [-73.86066, 40.809632], [-73.864403, 40.810276], [-73.867656, 40.810584], [-73.86977, 40.813424], [-73.870778, 40.814487], [-73.871716, 40.814922], [-73.87652, 40.816131], [-73.876732, 40.815386], [-73.872501, 40.813888], [-73.872394, 40.813974], [-73.872437, 40.813851], [-73.872097, 40.813738], [-73.872129, 40.813621], [-73.871658, 40.813254], [-73.870958, 40.812146], [-73.870568, 40.812087], [-73.870553, 40.811243], [-73.868112, 40.806752], [-73.868463, 40.805937], [-73.871699, 40.801805], [-73.871603, 40.801752], [-73.871745, 40.801547], [-73.872381, 40.80129], [-73.872469, 40.800789], [-73.872237, 40.800762], [-73.872347, 40.800175], [-73.872979, 40.800251], [-73.872877, 40.80084], [-73.872627, 40.800792], [-73.872705, 40.801167], [-73.873551, 40.800853], [-73.874677, 40.800979], [-73.874731, 40.801257], [-73.875265, 40.801398], [-73.875858, 40.801456], [-73.87593, 40.801084], [-73.878142, 40.801319], [-73.877969, 40.801711], [-73.878063, 40.802194], [-73.877906, 40.802272], [-73.878433, 40.802703], [-73.880055, 40.80276], [-73.88243, 40.802266], [-73.883695, 40.802162], [-73.883965, 40.801965], [-73.88369, 40.801945], [-73.883723, 40.801863], [-73.885052, 40.802131], [-73.885365, 40.802261], [-73.885155, 40.802272], [-73.885914, 40.802799], [-73.886164, 40.803176], [-73.887271, 40.803947], [-73.887381, 40.804111], [-73.887247, 40.804186], [-73.887959, 40.804998], [-73.888592, 40.804789], [-73.889279, 40.805182], [-73.889441, 40.80544], [-73.889224, 40.805845], [-73.889996, 40.804886], [-73.890151, 40.804958], [-73.889374, 40.805925], [-73.890059, 40.805704], [-73.891499, 40.805931], [-73.891441, 40.805662], [-73.891786, 40.805623], [-73.891979, 40.806385], [-73.892707, 40.806344], [-73.892532, 40.805657], [-73.892273, 40.805702], [-73.892164, 40.805303], [-73.891267, 40.80501], [-73.891732, 40.805049], [-73.892197, 40.805285], [-73.8923, 40.805661], [-73.892567, 40.805621], [-73.892748, 40.80634], [-73.894629, 40.806233], [-73.894574, 40.806046], [-73.894726, 40.806026], [-73.894854, 40.806215], [-73.89473, 40.805741], [-73.894843, 40.805724], [-73.895098, 40.806864], [-73.895506, 40.806595], [-73.89528, 40.805766], [-73.895591, 40.806581], [-73.895723, 40.80656], [-73.89567, 40.80629], [-73.895838, 40.806541], [-73.895978, 40.806518], [-73.895875, 40.805809], [-73.896108, 40.806496], [-73.89623, 40.80621], [-73.89726, 40.806041], [-73.897497, 40.806214], [-73.897415, 40.8058], [-73.897638, 40.806201], [-73.897761, 40.80619], [-73.897728, 40.805967], [-73.898013, 40.806167], [-73.897871, 40.805535], [-73.898161, 40.806138], [-73.898295, 40.806098], [-73.898125, 40.805651], [-73.898527, 40.805434], [-73.900973, 40.804876], [-73.90205, 40.804784], [-73.902223, 40.804948], [-73.902292, 40.804565], [-73.902928, 40.804197], [-73.90271, 40.804164], [-73.903317, 40.803775], [-73.903399, 40.803875], [-73.903733, 40.803773], [-73.90453, 40.80317], [-73.905522, 40.80202], [-73.90652, 40.801176], [-73.90639, 40.801091], [-73.906814, 40.800891], [-73.906701, 40.80082], [-73.90747, 40.800003], [-73.908074, 40.799573], [-73.907735, 40.799466], [-73.907682, 40.799388], [-73.908102, 40.79954], [-73.908026, 40.799238], [-73.908422, 40.799442], [-73.90855, 40.799307], [-73.908256, 40.799093], [-73.908303, 40.798959], [-73.910892, 40.797018], [-73.911688, 40.796624], [-73.913723, 40.796789], [-73.91905, 40.798994], [-73.920241, 40.799614], [-73.921327, 40.801285], [-73.922927, 40.802373], [-73.924227, 40.802545], [-73.926658, 40.80241], [-73.927628, 40.802696], [-73.927283, 40.803508], [-73.927661, 40.804007], [-73.928367, 40.804033], [-73.928483, 40.804193], [-73.928726, 40.804104], [-73.930518, 40.806591], [-73.93227, 40.80834], [-73.932643, 40.809383], [-73.932594, 40.810054], [-73.932864, 40.810124], [-73.932874, 40.810414], [-73.932565, 40.810886], [-73.932632, 40.811905], [-73.932376, 40.814652], [-73.932336, 40.81763], [-73.932738, 40.825126], [-73.933606, 40.83279], [-73.933143, 40.835194], [-73.932656, 40.836473], [-73.930516, 40.839934], [-73.930483, 40.84046], [-73.929194, 40.842818], [-73.929185, 40.843204], [-73.928616, 40.844677], [-73.926935, 40.846924], [-73.92683, 40.84729], [-73.924654, 40.849785], [-73.923848, 40.851183], [-73.923948, 40.851222], [-73.922562, 40.853189], [-73.92174, 40.854221], [-73.921543, 40.854117], [-73.921342, 40.854317], [-73.921515, 40.85451], [-73.920801, 40.855381], [-73.9203, 40.855246], [-73.920567, 40.855514], [-73.920527, 40.855687], [-73.919566, 40.85684], [-73.91776, 40.858708], [-73.917207, 40.858929], [-73.915805, 40.86047], [-73.914809, 40.861714], [-73.914818, 40.861899], [-73.913415, 40.863367], [-73.912763, 40.863029], [-73.912273, 40.863632], [-73.912798, 40.863899], [-73.912526, 40.863795], [-73.912676, 40.864021], [-73.910418, 40.86657], [-73.909497, 40.868831], [-73.908937, 40.87102], [-73.908649, 40.871386], [-73.908932, 40.872157], [-73.908464, 40.872621], [-73.907743, 40.872846], [-73.906651, 40.875753], [-73.906828, 40.876632], [-73.907037, 40.876895], [-73.909498, 40.878777], [-73.910332, 40.879038], [-73.911489, 40.879019], [-73.912058, 40.878119], [-73.914874, 40.876642], [-73.915786, 40.875717], [-73.91726, 40.875809], [-73.917757, 40.875664], [-73.919784, 40.876421], [-73.922067, 40.878572], [-73.922738, 40.878905], [-73.924518, 40.879059], [-73.924903, 40.878888], [-73.923805, 40.880325], [-73.920393, 40.887649], [-73.917822, 40.894422], [-73.917909, 40.894677], [-73.917635, 40.894942], [-73.916942, 40.896645], [-73.915185, 40.901584], [-73.915432, 40.901813], [-73.915014, 40.903081], [-73.91459, 40.904119], [-73.914184, 40.904139], [-73.912865, 40.907535], [-73.913109, 40.907844], [-73.912649, 40.908071], [-73.911492, 40.912234], [-73.911432, 40.912824], [-73.911655, 40.913418], [-73.9115, 40.913767], [-73.910669, 40.914799], [-73.910333, 40.915533], [-73.902457, 40.912959], [-73.897253, 40.911656]]]]}}]}